,Region,Country,Item Type,Sales Channel,Order Priority,Order Date,Order ID,Ship Date,Units Sold,Unit Price,Unit Cost,Total Revenue,Total Cost,Total Profit,coupon_code,discount_rates,days_since_purchase,days_since_ship,shipping_city
0,Middle East and North Africa,Libya,Cosmetics,Offline,M,2014-10-18,686800706,2014-10-31,8446,437.2,263.33,3692591.2,2224085.18,1468506.02,offlinecoupon_5%,0.05,3999,3986,Tripoli
1,North America,Canada,Vegetables,Online,M,2011-11-07,185941302,2011-12-08,3018,154.06,90.93,464953.08,274426.74,190526.34,onlinecoupon_10%,0.1,5075,5044,Ottawa
2,Middle East and North Africa,Libya,Baby Food,Offline,C,2016-10-31,246222341,2016-12-09,1517,255.28,159.42,387259.76,241840.14,145419.62,offlinecoupon_5%,0.05,3255,3216,Tripoli
3,Asia,Japan,Cereal,Offline,C,2010-04-10,161442649,2010-05-12,3322,205.7,117.11,683335.4,389039.42,294295.98,offlinecoupon_5%,0.05,5651,5619,Tokyo
4,Sub-Saharan Africa,Chad,Fruits,Offline,H,2011-08-16,645713555,2011-08-31,9845,9.33,6.92,91853.85,68127.4,23726.45,offlinecoupon_5%,0.05,5158,5143,N'Djamena
5,Europe,Armenia,Cereal,Online,H,2014-11-24,683458888,2014-12-28,9528,205.7,117.11,1959909.6,1115824.08,844085.52,onlinecoupon_10%,0.1,3962,3928,Yerevan
6,Sub-Saharan Africa,Eritrea,Cereal,Online,H,2015-03-04,679414975,2015-04-17,2844,205.7,117.11,585010.8,333060.84,251949.96,onlinecoupon_10%,0.1,3862,3818,Asmara
7,Europe,Montenegro,Clothes,Offline,M,2012-05-17,208630645,2012-06-28,7299,109.28,35.84,797634.72,261596.16,536038.56,offlinecoupon_5%,0.05,4883,4841,Podgorica
8,Central America and the Caribbean,Jamaica,Vegetables,Online,H,2015-01-29,266467225,2015-03-07,2428,154.06,90.93,374057.68,220778.04,153279.64,onlinecoupon_10%,0.1,3896,3859,Kingston
9,Australia and Oceania,Fiji,Vegetables,Offline,H,2013-12-24,118598544,2014-01-19,4800,154.06,90.93,739488.0,436464.0,303024.0,offlinecoupon_5%,0.05,4297,4271,Suva
10,Sub-Saharan Africa,Togo,Clothes,Online,M,2015-12-29,451010930,2016-01-19,3012,109.28,35.84,329151.36,107950.08,221201.28,onlinecoupon_10%,0.1,3562,3541,Lome
11,Europe,Montenegro,Snacks,Offline,M,2010-02-27,220003211,2010-03-18,2694,152.58,97.44,411050.52,262503.36,148547.16,offlinecoupon_5%,0.05,5693,5674,Podgorica
12,Europe,Greece,Household,Online,C,2016-11-17,702186715,2016-12-22,1508,668.27,502.54,1007751.16,757830.32,249920.84,onlinecoupon_10%,0.1,3238,3203,Athens
13,Sub-Saharan Africa,Sudan,Cosmetics,Online,C,2015-12-20,544485270,2016-01-05,4146,437.2,263.33,1812631.2,1091766.18,720865.02,onlinecoupon_10%,0.1,3571,3555,Khartoum
14,Asia,Maldives,Fruits,Offline,L,2011-01-08,714135205,2011-02-06,7332,9.33,6.92,68407.56,50737.44,17670.12,offlinecoupon_5%,0.05,5378,5349,Male
15,Europe,Montenegro,Clothes,Offline,H,2010-06-28,448685348,2010-07-22,4820,109.28,35.84,526729.6,172748.8,353980.8,offlinecoupon_5%,0.05,5572,5548,Podgorica
16,Europe,Estonia,Office Supplies,Online,H,2016-04-25,405997025,2016-05-12,2397,651.21,524.96,1560950.37,1258329.12,302621.25,onlinecoupon_10%,0.1,3444,3427,Tallinn
17,North America,Greenland,Beverages,Online,M,2012-07-27,414244067,2012-08-07,2880,47.45,31.79,136656.0,91555.2,45100.8,onlinecoupon_10%,0.1,4812,4801,Nuuk
18,Sub-Saharan Africa,Cape Verde,Clothes,Online,C,2014-09-08,821912801,2014-10-03,1117,109.28,35.84,122065.76,40033.28,82032.48,onlinecoupon_10%,0.1,4039,4014,Praia
19,Sub-Saharan Africa,Senegal,Household,Offline,L,2012-08-27,247802054,2012-09-08,8989,668.27,502.54,6007079.03,4517332.06,1489746.97,offlinecoupon_5%,0.05,4781,4769,Dakar
20,Australia and Oceania,Federated States of Micronesia,Snacks,Online,C,2012-09-03,531023156,2012-10-15,407,152.58,97.44,62100.06,39658.08,22441.98,onlinecoupon_10%,0.1,4774,4732,Palikir
21,Europe,Bulgaria,Clothes,Online,L,2010-08-27,880999934,2010-09-16,6313,109.28,35.84,689884.64,226257.92,463626.72,onlinecoupon_10%,0.1,5512,5492,Sofia
22,Middle East and North Africa,Algeria,Personal Care,Online,H,2011-02-20,127468717,2011-03-09,9681,81.73,56.67,791228.13,548622.27,242605.86,onlinecoupon_10%,0.1,5335,5318,Algiers
23,Asia,Mongolia,Clothes,Online,L,2015-12-12,770478332,2016-01-24,515,109.28,35.84,56279.2,18457.6,37821.6,onlinecoupon_10%,0.1,3579,3536,Ulaanbaatar
24,Central America and the Caribbean,Grenada,Cereal,Online,H,2012-10-28,430390107,2012-11-13,852,205.7,117.11,175256.4,99777.72,75478.68,onlinecoupon_10%,0.1,4719,4703,Saint George's
25,Central America and the Caribbean,Grenada,Beverages,Online,M,2017-01-30,397877871,2017-03-20,9759,47.45,31.79,463064.55,310238.61,152825.94,onlinecoupon_10%,0.1,3164,3115,Saint George's
26,Sub-Saharan Africa,Senegal,Beverages,Offline,M,2014-10-22,683927953,2014-11-04,8334,47.45,31.79,395448.3,264937.86,130510.44,offlinecoupon_5%,0.05,3995,3982,Dakar
27,North America,Greenland,Fruits,Offline,M,2012-01-31,469839179,2012-02-22,4709,9.33,6.92,43934.97,32586.28,11348.69,offlinecoupon_5%,0.05,4990,4968,Nuuk
28,Sub-Saharan Africa,Chad,Meat,Offline,H,2016-01-20,357222878,2016-03-09,9043,421.89,364.69,3815151.27,3297891.67,517259.6,offlinecoupon_5%,0.05,3540,3491,N'Djamena
29,Sub-Saharan Africa,Mauritius,Personal Care,Online,C,2016-01-01,118002879,2016-01-07,8529,81.73,56.67,697075.17,483338.43,213736.74,onlinecoupon_10%,0.1,3559,3553,Port Louis
30,Middle East and North Africa,Morocco,Beverages,Offline,C,2017-06-01,944415509,2017-06-23,2391,47.45,31.79,113452.95,76009.89,37443.06,offlinecoupon_5%,0.05,3042,3020,Rabat
31,Central America and the Caribbean,Honduras,Office Supplies,Online,H,2015-06-30,499009597,2015-07-09,6884,651.21,524.96,4482929.64,3613824.64,869105.0,onlinecoupon_10%,0.1,3744,3735,Tegucigalpa
32,Sub-Saharan Africa,Benin,Fruits,Online,L,2014-01-28,564646470,2014-03-16,293,9.33,6.92,2733.69,2027.56,706.13,onlinecoupon_10%,0.1,4262,4215,Porto-Novo
33,Central America and the Caribbean,Jamaica,Beverages,Offline,L,2010-09-04,262056386,2010-10-24,7163,47.45,31.79,339884.35,227711.77,112172.58,offlinecoupon_5%,0.05,5504,5454,Kingston
34,Sub-Saharan Africa,Equatorial Guinea,Office Supplies,Online,M,2010-05-02,211114585,2010-05-14,2352,651.21,524.96,1531645.92,1234705.92,296940.0,onlinecoupon_10%,0.1,5629,5617,Malabo
35,Sub-Saharan Africa,Swaziland,Office Supplies,Offline,H,2013-10-03,405785882,2013-10-22,9915,651.21,524.96,6456747.15,5204978.4,1251768.75,offlinecoupon_5%,0.05,4379,4360,Mbabane
36,Central America and the Caribbean,Trinidad and Tobago,Vegetables,Offline,M,2011-03-06,280494105,2011-04-14,3294,154.06,90.93,507473.64,299523.42,207950.22,offlinecoupon_5%,0.05,5321,5282,Port of Spain
37,Europe,Sweden,Baby Food,Online,L,2016-08-07,689975583,2016-08-12,7963,255.28,159.42,2032794.64,1269461.46,763333.18,onlinecoupon_10%,0.1,3340,3335,Stockholm
38,Europe,Belarus,Office Supplies,Online,L,2011-01-11,759279143,2011-02-18,6426,651.21,524.96,4184675.46,3373392.96,811282.5,onlinecoupon_10%,0.1,5375,5337,Minsk
39,Sub-Saharan Africa,Guinea-Bissau,Office Supplies,Offline,C,2014-05-21,133766114,2014-06-12,3221,651.21,524.96,2097547.41,1690896.16,406651.25,offlinecoupon_5%,0.05,4149,4127,Bissau
40,Asia,Mongolia,Beverages,Online,M,2013-08-03,329110324,2013-09-02,9913,47.45,31.79,470371.85,315134.27,155237.58,onlinecoupon_10%,0.1,4440,4410,Ulaanbaatar
41,Middle East and North Africa,Turkey,Meat,Online,L,2011-10-05,681298100,2011-11-20,103,421.89,364.69,43454.67,37563.07,5891.6,onlinecoupon_10%,0.1,5108,5062,Ankara
42,Sub-Saharan Africa,Central African Republic,Snacks,Offline,L,2016-11-15,596628272,2016-12-30,4419,152.58,97.44,674251.02,430587.36,243663.66,offlinecoupon_5%,0.05,3240,3195,Bangui
43,Sub-Saharan Africa,Equatorial Guinea,Office Supplies,Offline,L,2015-04-03,901712167,2015-04-17,5523,651.21,524.96,3596632.83,2899354.08,697278.75,offlinecoupon_5%,0.05,3832,3818,Malabo
44,Asia,Laos,Beverages,Online,M,2013-03-22,693473613,2013-04-21,3107,47.45,31.79,147427.15,98771.53,48655.62,onlinecoupon_10%,0.1,4574,4544,Vientiane
45,Europe,Armenia,Meat,Online,C,2010-08-02,489148938,2010-09-01,8896,421.89,364.69,3753133.44,3244282.24,508851.2,onlinecoupon_10%,0.1,5537,5507,Yerevan
46,Europe,Greece,Household,Online,L,2012-01-05,876286971,2012-02-15,1643,668.27,502.54,1097967.61,825673.22,272294.39,onlinecoupon_10%,0.1,5016,4975,Athens
47,Middle East and North Africa,Israel,Personal Care,Offline,H,2015-08-26,262749040,2015-08-30,2135,81.73,56.67,174493.55,120990.45,53503.1,offlinecoupon_5%,0.05,3687,3683,Jerusalem
48,Asia,Bhutan,Meat,Online,H,2016-12-09,726708972,2017-01-26,8189,421.89,364.69,3454857.21,2986446.41,468410.8,onlinecoupon_10%,0.1,3216,3168,Thimphu
49,Australia and Oceania,Vanuatu,Vegetables,Online,L,2012-05-17,366653096,2012-05-31,9654,154.06,90.93,1487295.24,877838.22,609457.02,onlinecoupon_10%,0.1,4883,4869,Port-Vila
50,Sub-Saharan Africa,Burundi,Vegetables,Online,M,2010-11-17,951380240,2010-12-20,3410,154.06,90.93,525344.6,310071.3,215273.3,onlinecoupon_10%,0.1,5430,5397,Bujumbura
51,Europe,Ukraine,Cosmetics,Online,M,2014-11-13,270001733,2015-01-01,8368,437.2,263.33,3658489.6,2203545.44,1454944.16,onlinecoupon_10%,0.1,3973,3924,Kyiv
52,Europe,Croatia,Beverages,Online,C,2016-06-16,681941401,2016-07-28,470,47.45,31.79,22301.5,14941.3,7360.2,onlinecoupon_10%,0.1,3392,3350,Zagreb
53,Sub-Saharan Africa,Madagascar,Fruits,Online,L,2016-05-31,566935575,2016-06-07,7690,9.33,6.92,71747.7,53214.8,18532.9,onlinecoupon_10%,0.1,3408,3401,Antananarivo
54,Asia,Malaysia,Snacks,Offline,M,2012-10-06,175033080,2012-11-05,5033,152.58,97.44,767935.14,490415.52,277519.62,offlinecoupon_5%,0.05,4741,4711,Kuala Lumpur
55,Asia,Uzbekistan,Office Supplies,Offline,L,2012-03-10,276595246,2012-03-15,9535,651.21,524.96,6209287.35,5005493.6,1203793.75,offlinecoupon_5%,0.05,4951,4946,Tashkent
56,Europe,Italy,Office Supplies,Online,M,2011-01-26,812295901,2011-02-13,5263,651.21,524.96,3427318.23,2762864.48,664453.75,onlinecoupon_10%,0.1,5360,5342,Rome
57,Asia,Nepal,Vegetables,Offline,C,2014-06-02,443121373,2014-06-19,8316,154.06,90.93,1281162.96,756173.88,524989.08,offlinecoupon_5%,0.05,4137,4120,Kathmandu
58,Australia and Oceania,Fiji,Personal Care,Offline,H,2016-12-17,600370490,2017-01-25,1824,81.73,56.67,149075.52,103366.08,45709.44,offlinecoupon_5%,0.05,3208,3169,Suva
59,Europe,Portugal,Office Supplies,Online,L,2014-06-27,535654580,2014-07-29,949,651.21,524.96,617998.29,498187.04,119811.25,onlinecoupon_10%,0.1,4112,4080,Lisbon
60,Central America and the Caribbean,Panama,Cosmetics,Offline,H,2015-03-17,470897471,2015-04-22,7881,437.2,263.33,3445573.2,2075303.73,1370269.47,offlinecoupon_5%,0.05,3849,3813,Panama City
61,Europe,Belarus,Beverages,Offline,L,2013-04-03,248335492,2013-04-04,6846,47.45,31.79,324842.7,217634.34,107208.36,offlinecoupon_5%,0.05,4562,4561,Minsk
62,Sub-Saharan Africa,Botswana,Clothes,Offline,C,2015-03-08,680517470,2015-03-25,9097,109.28,35.84,994120.16,326036.48,668083.68,offlinecoupon_5%,0.05,3858,3841,Gaborone
63,Sub-Saharan Africa,Tanzania,Personal Care,Online,M,2013-06-21,400304734,2013-07-29,7921,81.73,56.67,647383.33,448883.07,198500.26,onlinecoupon_10%,0.1,4483,4445,Dar es Salaam
64,Europe,Romania,Office Supplies,Offline,C,2013-01-06,810871112,2013-01-08,3636,651.21,524.96,2367799.56,1908754.56,459045.0,offlinecoupon_5%,0.05,4649,4647,Bucharest
65,Sub-Saharan Africa,Mali,Cereal,Online,L,2012-03-17,235702931,2012-04-03,8590,205.7,117.11,1766963.0,1005974.9,760988.1,onlinecoupon_10%,0.1,4944,4927,Bamako
66,Sub-Saharan Africa,Central African Republic,Office Supplies,Offline,C,2014-04-18,668599021,2014-05-12,2163,651.21,524.96,1408567.23,1135488.48,273078.75,offlinecoupon_5%,0.05,4182,4158,Bangui
67,Sub-Saharan Africa,Niger,Baby Food,Online,M,2016-01-03,123670709,2016-02-01,5766,255.28,159.42,1471944.48,919215.72,552728.76,onlinecoupon_10%,0.1,3557,3528,Niamey
68,Europe,Austria,Office Supplies,Online,L,2011-05-12,285341823,2011-06-08,7841,651.21,524.96,5106137.61,4116211.36,989926.25,onlinecoupon_10%,0.1,5254,5227,Vienna
69,Asia,India,Fruits,Online,H,2010-07-29,658348691,2010-08-22,8862,9.33,6.92,82682.46,61325.04,21357.42,onlinecoupon_10%,0.1,5541,5517,New Delhi
70,Europe,Luxembourg,Baby Food,Offline,L,2013-08-02,817740142,2013-08-19,6335,255.28,159.42,1617198.8,1009925.7,607273.1,offlinecoupon_5%,0.05,4441,4424,Luxembourg
71,Sub-Saharan Africa,Cape Verde,Beverages,Offline,H,2013-10-23,858877503,2013-11-06,9794,47.45,31.79,464725.3,311351.26,153374.04,offlinecoupon_5%,0.05,4359,4345,Praia
72,Europe,Sweden,Vegetables,Offline,M,2017-02-05,947434604,2017-02-19,5808,154.06,90.93,894780.48,528121.44,366659.04,offlinecoupon_5%,0.05,3158,3144,Stockholm
73,Europe,Iceland,Meat,Offline,H,2015-03-20,869397771,2015-04-17,2975,421.89,364.69,1255122.75,1084952.75,170170.0,offlinecoupon_5%,0.05,3846,3818,Reykjavik
74,Middle East and North Africa,Qatar,Personal Care,Offline,L,2012-05-06,481065833,2012-05-08,6925,81.73,56.67,565980.25,392439.75,173540.5,offlinecoupon_5%,0.05,4894,4892,Doha
75,Sub-Saharan Africa,South Sudan,Meat,Online,C,2013-09-30,159050118,2013-10-01,5319,421.89,364.69,2244032.91,1939786.11,304246.8,onlinecoupon_10%,0.1,4382,4381,Juba
76,Europe,United Kingdom,Office Supplies,Online,M,2014-05-20,350274455,2014-06-14,2850,651.21,524.96,1855948.5,1496136.0,359812.5,onlinecoupon_10%,0.1,4150,4125,London
77,Middle East and North Africa,Tunisia,Cereal,Online,L,2010-04-09,221975171,2010-05-17,6241,205.7,117.11,1283773.7,730883.51,552890.19,onlinecoupon_10%,0.1,5652,5614,Tunis
78,North America,United States of America,Office Supplies,Online,C,2017-06-09,811701095,2017-07-19,9247,651.21,524.96,6021738.87,4854305.12,1167433.75,onlinecoupon_10%,0.1,3034,2994,Washington
79,Sub-Saharan Africa,Liberia,Cereal,Online,L,2015-02-08,977313554,2015-03-29,7653,205.7,117.11,1574222.1,896242.83,677979.27,onlinecoupon_10%,0.1,3886,3837,Monrovia
80,Sub-Saharan Africa,Eritrea,Snacks,Offline,L,2010-01-25,546986377,2010-02-10,4279,152.58,97.44,652889.82,416945.76,235944.06,offlinecoupon_5%,0.05,5726,5710,Asmara
81,Asia,South Korea,Fruits,Offline,L,2010-03-07,769205892,2010-03-17,3972,9.33,6.92,37058.76,27486.24,9572.52,offlinecoupon_5%,0.05,5685,5675,Seoul
82,Sub-Saharan Africa,Kenya,Clothes,Offline,M,2013-01-03,262770926,2013-02-08,8611,109.28,35.84,941010.08,308618.24,632391.84,offlinecoupon_5%,0.05,4652,4616,Nairobi
83,Sub-Saharan Africa,Rwanda,Snacks,Online,M,2017-03-06,866792809,2017-03-18,2109,152.58,97.44,321791.22,205500.96,116290.26,onlinecoupon_10%,0.1,3129,3117,Kigali
84,Central America and the Caribbean,Cuba,Beverages,Offline,C,2011-01-09,890695369,2011-02-23,5408,47.45,31.79,256609.6,171920.32,84689.28,offlinecoupon_5%,0.05,5377,5332,Havana
85,Middle East and North Africa,Libya,Cereal,Offline,M,2014-03-27,964214932,2014-03-31,1480,205.7,117.11,304436.0,173322.8,131113.2,offlinecoupon_5%,0.05,4204,4200,Tripoli
86,Europe,Czech Republic,Snacks,Online,C,2013-06-28,887400329,2013-08-17,332,152.58,97.44,50656.56,32350.08,18306.48,onlinecoupon_10%,0.1,4476,4426,Prague
87,Europe,Montenegro,Clothes,Offline,M,2016-07-14,734526431,2016-08-02,1549,109.28,35.84,169274.72,55516.16,113758.56,offlinecoupon_5%,0.05,3364,3345,Podgorica
88,Asia,Philippines,Baby Food,Online,L,2014-02-23,160127294,2014-03-23,4079,255.28,159.42,1041287.12,650274.18,391012.94,onlinecoupon_10%,0.1,4236,4208,Manila
89,Central America and the Caribbean,El Salvador,Clothes,Offline,L,2010-08-07,238714301,2010-09-13,9721,109.28,35.84,1062310.88,348400.64,713910.24,offlinecoupon_5%,0.05,5532,5495,San Salvador
90,Australia and Oceania,Tonga,Household,Online,M,2013-01-14,671898782,2013-02-06,8635,668.27,502.54,5770511.45,4339432.9,1431078.55,onlinecoupon_10%,0.1,4641,4618,Nuku'alofa
91,Sub-Saharan Africa,Democratic Republic of the Congo,Personal Care,Offline,H,2010-09-30,331604564,2010-11-17,8014,81.73,56.67,654984.22,454153.38,200830.84,offlinecoupon_5%,0.05,5478,5430,Kinshasa
92,Middle East and North Africa,Afghanistan,Cereal,Online,M,2016-10-13,410067975,2016-11-20,7081,205.7,117.11,1456561.7,829255.91,627305.79,onlinecoupon_10%,0.1,3273,3235,Kabul
93,Australia and Oceania,Tuvalu,Snacks,Offline,L,2011-03-16,369837844,2011-03-23,2091,152.58,97.44,319044.78,203747.04,115297.74,offlinecoupon_5%,0.05,5311,5304,Funafuti
94,Sub-Saharan Africa,Sudan,Fruits,Online,L,2012-12-26,193775498,2013-01-31,1331,9.33,6.92,12418.23,9210.52,3207.71,onlinecoupon_10%,0.1,4660,4624,Khartoum
95,Sub-Saharan Africa,Niger,Clothes,Online,M,2015-09-02,835054767,2015-10-09,117,109.28,35.84,12785.76,4193.28,8592.48,onlinecoupon_10%,0.1,3680,3643,Niamey
96,Sub-Saharan Africa,Gabon,Household,Offline,C,2013-11-11,167161977,2013-12-24,5798,668.27,502.54,3874629.46,2913726.92,960902.54,offlinecoupon_5%,0.05,4340,4297,Libreville
97,Australia and Oceania,East Timor,Vegetables,Offline,C,2014-08-04,633895957,2014-08-22,2755,154.06,90.93,424435.3,250512.15,173923.15,offlinecoupon_5%,0.05,4074,4056,Dili
98,North America,United States of America,Clothes,Offline,C,2010-10-21,699368035,2010-12-07,7398,109.28,35.84,808453.44,265144.32,543309.12,offlinecoupon_5%,0.05,5457,5410,Washington
99,Middle East and North Africa,Jordan,Vegetables,Offline,L,2015-06-13,698002040,2015-07-29,3170,154.06,90.93,488370.2,288248.1,200122.1,offlinecoupon_5%,0.05,3761,3715,Amman
100,Europe,Cyprus,Snacks,Offline,H,2012-03-29,584534299,2012-05-18,5544,152.58,97.44,845903.52,540207.36,305696.16,offlinecoupon_5%,0.05,4932,4882,Nicosia
101,Sub-Saharan Africa,Malawi,Vegetables,Online,L,2012-06-22,384013640,2012-07-19,7025,154.06,90.93,1082271.5,638783.25,443488.25,onlinecoupon_10%,0.1,4847,4820,Lilongwe
102,Europe,Iceland,Personal Care,Online,M,2013-05-10,641801393,2013-05-24,2149,81.73,56.67,175637.77,121783.83,53853.94,onlinecoupon_10%,0.1,4525,4511,Reykjavik
103,Middle East and North Africa,Israel,Personal Care,Online,M,2016-12-10,173571383,2017-01-11,2484,81.73,56.67,203017.32,140768.28,62249.04,onlinecoupon_10%,0.1,3215,3183,Jerusalem
104,Middle East and North Africa,United Arab Emirates,Snacks,Offline,H,2011-03-20,115309941,2011-04-06,1629,152.58,97.44,248552.82,158729.76,89823.06,offlinecoupon_5%,0.05,5307,5290,Abu Dhabi
105,Asia,China,Cosmetics,Offline,L,2011-09-22,773315894,2011-11-04,213,437.2,263.33,93123.6,56089.29,37034.31,offlinecoupon_5%,0.05,5121,5078,Beijing
106,Sub-Saharan Africa,Kenya,Beverages,Online,M,2012-05-11,274200570,2012-06-26,897,47.45,31.79,42562.65,28515.63,14047.02,onlinecoupon_10%,0.1,4889,4843,Nairobi
107,Middle East and North Africa,Somalia,Clothes,Offline,M,2011-11-15,414887797,2011-11-17,3374,109.28,35.84,368710.72,120924.16,247786.56,offlinecoupon_5%,0.05,5067,5065,Mogadishu
108,Australia and Oceania,Tonga,Beverages,Offline,L,2010-01-27,812613904,2010-01-29,9367,47.45,31.79,444464.15,297776.93,146687.22,offlinecoupon_5%,0.05,5724,5722,Nuku'alofa
109,Asia,Bangladesh,Baby Food,Online,H,2011-08-17,254927718,2011-09-07,7632,255.28,159.42,1948296.96,1216693.44,731603.52,onlinecoupon_10%,0.1,5157,5136,Dhaka
110,Middle East and North Africa,Egypt,Beverages,Offline,M,2014-09-06,749690568,2014-10-26,8954,47.45,31.79,424867.3,284647.66,140219.64,offlinecoupon_5%,0.05,4041,3991,Cairo
111,Sub-Saharan Africa,Eritrea,Cereal,Offline,C,2014-09-03,775076282,2014-09-19,1150,205.7,117.11,236555.0,134676.5,101878.5,offlinecoupon_5%,0.05,4044,4028,Asmara
112,Sub-Saharan Africa,Swaziland,Office Supplies,Online,H,2015-09-05,229571187,2015-09-18,4071,651.21,524.96,2651075.91,2137112.16,513963.75,onlinecoupon_10%,0.1,3677,3664,Mbabane
113,Asia,Vietnam,Baby Food,Online,C,2011-06-20,881974112,2011-07-11,4594,255.28,159.42,1172756.32,732375.48,440380.84,onlinecoupon_10%,0.1,5215,5194,Hanoi
114,Australia and Oceania,Marshall Islands,Snacks,Online,L,2012-01-12,521396386,2012-02-14,1632,152.58,97.44,249010.56,159022.08,89988.48,onlinecoupon_10%,0.1,5009,4976,Majuro
115,Asia,Taiwan,Household,Online,C,2017-01-23,607261836,2017-02-22,1127,668.27,502.54,753140.29,566362.58,186777.71,onlinecoupon_10%,0.1,3171,3141,Taipei
116,Europe,Ireland,Vegetables,Online,M,2012-03-04,419306790,2012-03-12,1052,154.06,90.93,162071.12,95658.36,66412.76,onlinecoupon_10%,0.1,4957,4949,Dublin
117,Europe,Sweden,Snacks,Online,M,2011-04-12,742443025,2011-04-15,4245,152.58,97.44,647702.1,413632.8,234069.3,onlinecoupon_10%,0.1,5284,5281,Stockholm
118,Sub-Saharan Africa,Gabon,Snacks,Offline,M,2010-10-03,164569461,2010-10-05,8615,152.58,97.44,1314476.7,839445.6,475031.1,offlinecoupon_5%,0.05,5475,5473,Libreville
119,Sub-Saharan Africa,South Africa,Baby Food,Online,L,2013-12-29,734945714,2014-02-12,5624,255.28,159.42,1435694.72,896578.08,539116.64,onlinecoupon_10%,0.1,4292,4247,Pretoria
120,Europe,United Kingdom,Clothes,Offline,C,2015-09-19,284870612,2015-10-07,8399,109.28,35.84,917842.72,301020.16,616822.56,offlinecoupon_5%,0.05,3663,3645,London
121,Europe,Albania,Fruits,Offline,M,2011-09-17,765955483,2011-10-07,2104,9.33,6.92,19630.32,14559.68,5070.64,offlinecoupon_5%,0.05,5126,5106,Tirana
122,Asia,Malaysia,Snacks,Offline,H,2010-03-11,600124156,2010-04-21,8929,152.58,97.44,1362386.82,870041.76,492345.06,offlinecoupon_5%,0.05,5681,5640,Kuala Lumpur
123,Sub-Saharan Africa,Ghana,Household,Offline,L,2012-11-10,529612958,2012-12-11,3098,668.27,502.54,2070300.46,1556868.92,513431.54,offlinecoupon_5%,0.05,4706,4675,Accra
124,Central America and the Caribbean,Cuba,Clothes,Offline,H,2011-02-16,466970717,2011-03-18,5867,109.28,35.84,641145.76,210273.28,430872.48,offlinecoupon_5%,0.05,5339,5309,Havana
125,Central America and the Caribbean,Saint Lucia,Cosmetics,Online,C,2012-08-13,845058763,2012-09-22,522,437.2,263.33,228218.4,137458.26,90760.14,onlinecoupon_10%,0.1,4795,4755,Castries
126,Europe,Romania,Snacks,Offline,L,2014-08-28,367050921,2014-08-31,7379,152.58,97.44,1125887.82,719009.76,406878.06,offlinecoupon_5%,0.05,4050,4047,Bucharest
127,Europe,Portugal,Office Supplies,Online,L,2015-08-19,956433522,2015-09-12,8788,651.21,524.96,5722833.48,4613348.48,1109485.0,onlinecoupon_10%,0.1,3694,3670,Lisbon
128,Europe,Macedonia,Beverages,Online,C,2011-03-20,107005393,2011-05-04,4129,47.45,31.79,195921.05,131260.91,64660.14,onlinecoupon_10%,0.1,5307,5262,Skopje
129,Asia,China,Beverages,Offline,C,2013-04-16,332877862,2013-05-07,4811,47.45,31.79,228281.95,152941.69,75340.26,offlinecoupon_5%,0.05,4549,4528,Beijing
130,Europe,Germany,Baby Food,Online,L,2015-11-13,618474757,2015-12-31,9279,255.28,159.42,2368743.12,1479258.18,889484.94,onlinecoupon_10%,0.1,3608,3560,Berlin
131,Europe,Ireland,Household,Online,M,2014-01-10,468532407,2014-02-11,8006,668.27,502.54,5350169.62,4023335.24,1326834.38,onlinecoupon_10%,0.1,4280,4248,Dublin
132,Europe,Poland,Office Supplies,Offline,M,2015-04-09,358099639,2015-04-29,8496,651.21,524.96,5532680.16,4460060.16,1072620.0,offlinecoupon_5%,0.05,3826,3806,Warsaw
133,Sub-Saharan Africa,Namibia,Household,Online,H,2013-01-07,382537782,2013-01-27,285,668.27,502.54,190456.95,143223.9,47233.05,onlinecoupon_10%,0.1,4648,4628,Windhoek
134,Asia,Uzbekistan,Personal Care,Offline,H,2013-02-12,707520663,2013-03-15,9942,81.73,56.67,812559.66,563413.14,249146.52,offlinecoupon_5%,0.05,4612,4581,Tashkent
135,Sub-Saharan Africa,Zimbabwe,Meat,Online,M,2014-11-28,219034612,2014-12-10,6064,421.89,364.69,2558340.96,2211480.16,346860.8,onlinecoupon_10%,0.1,3958,3946,Harare
136,Asia,Mongolia,Meat,Offline,M,2015-01-03,573378455,2015-01-17,4281,421.89,364.69,1806111.09,1561237.89,244873.2,offlinecoupon_5%,0.05,3922,3908,Ulaanbaatar
137,Europe,Norway,Personal Care,Online,H,2011-02-03,347163522,2011-03-22,2256,81.73,56.67,184382.88,127847.52,56535.36,onlinecoupon_10%,0.1,5352,5305,Oslo
138,Middle East and North Africa,Oman,Snacks,Offline,M,2013-04-09,887313640,2013-04-21,4679,152.58,97.44,713921.82,455921.76,258000.06,offlinecoupon_5%,0.05,4556,4544,Muscat
139,Europe,Serbia,Cosmetics,Online,H,2017-07-26,461065137,2017-08-19,8275,437.2,263.33,3617830.0,2179055.75,1438774.25,onlinecoupon_10%,0.1,2987,2963,Belgrade
140,Sub-Saharan Africa,Democratic Republic of the Congo,Fruits,Offline,H,2017-04-15,105966842,2017-05-19,6798,9.33,6.92,63425.34,47042.16,16383.18,offlinecoupon_5%,0.05,3089,3055,Kinshasa
141,Europe,Bulgaria,Baby Food,Online,M,2014-05-16,479880082,2014-05-23,6035,255.28,159.42,1540614.8,962099.7,578515.1,onlinecoupon_10%,0.1,4154,4147,Sofia
142,Asia,Brunei,Baby Food,Online,H,2015-08-12,510978686,2015-09-30,8803,255.28,159.42,2247229.84,1403374.26,843855.58,onlinecoupon_10%,0.1,3701,3652,Bandar Seri Begawan
143,Europe,Serbia,Snacks,Offline,C,2013-09-20,547748982,2013-10-14,9951,152.58,97.44,1518323.58,969625.44,548698.14,offlinecoupon_5%,0.05,4392,4368,Belgrade
144,Sub-Saharan Africa,Ghana,Cereal,Offline,M,2013-10-31,108989799,2013-12-09,1358,205.7,117.11,279340.6,159035.38,120305.22,offlinecoupon_5%,0.05,4351,4312,Accra
145,Sub-Saharan Africa,Malawi,Cereal,Offline,M,2014-07-30,133812463,2014-08-09,6936,205.7,117.11,1426735.2,812274.96,614460.24,offlinecoupon_5%,0.05,4079,4069,Lilongwe
146,Sub-Saharan Africa,Zimbabwe,Fruits,Offline,L,2011-11-12,731640803,2011-12-30,7627,9.33,6.92,71159.91,52778.84,18381.07,offlinecoupon_5%,0.05,5070,5022,Harare
147,Europe,Cyprus,Snacks,Offline,C,2010-03-25,732211148,2010-04-14,6405,152.58,97.44,977274.9,624103.2,353171.7,offlinecoupon_5%,0.05,5667,5647,Nicosia
148,Central America and the Caribbean,Nicaragua,Cereal,Online,M,2011-07-04,835572326,2011-08-08,3274,205.7,117.11,673461.8,383418.14,290043.66,onlinecoupon_10%,0.1,5201,5166,Managua
149,Europe,Estonia,Baby Food,Offline,C,2011-01-01,462085664,2011-01-15,271,255.28,159.42,69180.88,43202.82,25978.06,offlinecoupon_5%,0.05,5385,5371,Tallinn
150,Europe,Estonia,Clothes,Online,C,2016-06-16,902424991,2016-07-04,6463,109.28,35.84,706276.64,231633.92,474642.72,onlinecoupon_10%,0.1,3392,3374,Tallinn
151,Europe,Lithuania,Fruits,Offline,H,2013-12-17,367576634,2014-01-05,2949,9.33,6.92,27514.17,20407.08,7107.09,offlinecoupon_5%,0.05,4304,4285,Vilnius
152,Sub-Saharan Africa,Republic of the Congo,Meat,Offline,H,2017-03-01,738839423,2017-03-31,7859,421.89,364.69,3315633.51,2866098.71,449534.8,offlinecoupon_5%,0.05,3134,3104,Brazzaville
153,Europe,Czech Republic,Baby Food,Online,C,2010-07-02,817824685,2010-07-27,1353,255.28,159.42,345393.84,215695.26,129698.58,onlinecoupon_10%,0.1,5568,5543,Prague
154,Sub-Saharan Africa,Cameroon,Snacks,Online,C,2013-07-16,376456248,2013-08-01,624,152.58,97.44,95209.92,60802.56,34407.36,onlinecoupon_10%,0.1,4458,4442,Yaounde
155,Asia,Vietnam,Office Supplies,Online,H,2016-08-16,606970441,2016-09-16,4897,651.21,524.96,3188975.37,2570729.12,618246.25,onlinecoupon_10%,0.1,3331,3300,Hanoi
156,Europe,Moldova,Meat,Offline,L,2014-12-16,971916091,2015-01-19,424,421.89,364.69,178881.36,154628.56,24252.8,offlinecoupon_5%,0.05,3940,3906,Chisinau
157,Middle East and North Africa,Bahrain,Office Supplies,Offline,L,2012-05-14,554154527,2012-05-15,5494,651.21,524.96,3577747.74,2884130.24,693617.5,offlinecoupon_5%,0.05,4886,4885,Manama
158,Europe,Hungary,Household,Online,L,2017-07-18,306859576,2017-07-19,5423,668.27,502.54,3624028.21,2725274.42,898753.79,onlinecoupon_10%,0.1,2995,2994,Budapest
159,Australia and Oceania,Marshall Islands,Personal Care,Offline,L,2017-07-09,803517568,2017-07-21,7559,81.73,56.67,617797.07,428368.53,189428.54,offlinecoupon_5%,0.05,3004,2992,Majuro
160,Middle East and North Africa,Iraq,Office Supplies,Online,C,2011-09-30,887927329,2011-10-02,6283,651.21,524.96,4091552.43,3298323.68,793228.75,onlinecoupon_10%,0.1,5113,5111,Baghdad
161,Europe,Albania,Vegetables,Online,H,2015-11-24,824200189,2015-11-26,8006,154.06,90.93,1233404.36,727985.58,505418.78,onlinecoupon_10%,0.1,3597,3595,Tirana
162,Sub-Saharan Africa,Lesotho,Office Supplies,Online,H,2012-08-14,946759974,2012-09-14,6170,651.21,524.96,4017965.7,3239003.2,778962.5,onlinecoupon_10%,0.1,4794,4763,Maseru
163,Middle East and North Africa,Lebanon,Clothes,Offline,H,2015-12-06,310343015,2015-12-28,6249,109.28,35.84,682890.72,223964.16,458926.56,offlinecoupon_5%,0.05,3585,3563,Beirut
164,Europe,Hungary,Vegetables,Online,C,2014-05-25,739998137,2014-07-09,748,154.06,90.93,115236.88,68015.64,47221.24,onlinecoupon_10%,0.1,4145,4100,Budapest
165,Asia,Japan,Beverages,Online,H,2012-10-18,981086671,2012-11-21,4203,47.45,31.79,199432.35,133613.37,65818.98,onlinecoupon_10%,0.1,4729,4695,Tokyo
166,Europe,Georgia,Office Supplies,Offline,L,2013-03-13,749282443,2013-03-25,8180,651.21,524.96,5326897.8,4294172.8,1032725.0,offlinecoupon_5%,0.05,4583,4571,Tbilisi
167,Europe,Estonia,Office Supplies,Online,C,2011-02-23,280571782,2011-03-11,6280,651.21,524.96,4089598.8,3296748.8,792850.0,onlinecoupon_10%,0.1,5332,5316,Tallinn
168,Europe,Luxembourg,Household,Online,C,2014-08-15,781253516,2014-09-01,9131,668.27,502.54,6101973.37,4588692.74,1513280.63,onlinecoupon_10%,0.1,4063,4046,Luxembourg
169,Sub-Saharan Africa,Swaziland,Personal Care,Online,H,2017-07-06,377938973,2017-07-11,9396,81.73,56.67,767935.08,532471.32,235463.76,onlinecoupon_10%,0.1,3007,3002,Mbabane
170,Europe,Romania,Clothes,Offline,C,2010-12-31,867551982,2011-01-03,6765,109.28,35.84,739279.2,242457.6,496821.6,offlinecoupon_5%,0.05,5386,5383,Bucharest
171,Sub-Saharan Africa,Ethiopia,Personal Care,Offline,C,2010-01-13,967328870,2010-01-15,2964,81.73,56.67,242247.72,167969.88,74277.84,offlinecoupon_5%,0.05,5738,5736,Addis Ababa
172,Sub-Saharan Africa,Chad,Office Supplies,Offline,C,2011-09-17,364818465,2011-10-16,6746,651.21,524.96,4393062.66,3541380.16,851682.5,offlinecoupon_5%,0.05,5126,5097,N'Djamena
173,Middle East and North Africa,Morocco,Office Supplies,Online,C,2014-03-08,167882096,2014-03-31,8898,651.21,524.96,5794466.58,4671094.08,1123372.5,onlinecoupon_10%,0.1,4223,4200,Rabat
174,North America,Mexico,Clothes,Online,H,2012-11-18,654693591,2012-12-01,7237,109.28,35.84,790859.36,259374.08,531485.28,onlinecoupon_10%,0.1,4698,4685,Mexico City
175,Sub-Saharan Africa,Nigeria,Personal Care,Offline,H,2011-11-18,823739278,2011-12-29,1612,81.73,56.67,131748.76,91352.04,40396.72,offlinecoupon_5%,0.05,5064,5023,Abuja
176,Central America and the Caribbean,Trinidad and Tobago,Beverages,Offline,L,2012-07-12,643817985,2012-08-19,8904,47.45,31.79,422494.8,283058.16,139436.64,offlinecoupon_5%,0.05,4827,4789,Port of Spain
177,Europe,Moldova,Personal Care,Offline,H,2017-03-30,604041039,2017-05-15,8022,81.73,56.67,655638.06,454606.74,201031.32,offlinecoupon_5%,0.05,3105,3059,Chisinau
178,Australia and Oceania,Solomon Islands,Personal Care,Online,H,2010-07-26,363832271,2010-09-12,4909,81.73,56.67,401212.57,278193.03,123019.54,onlinecoupon_10%,0.1,5544,5496,Honiara
179,Asia,India,Personal Care,Online,L,2015-12-24,102928006,2016-01-31,7539,81.73,56.67,616162.47,427235.13,188927.34,onlinecoupon_10%,0.1,3567,3529,New Delhi
180,Australia and Oceania,Kiribati,Meat,Online,L,2010-11-03,139540803,2010-12-04,2079,421.89,364.69,877109.31,758190.51,118918.8,onlinecoupon_10%,0.1,5444,5413,Tarawa
181,Middle East and North Africa,Israel,Meat,Offline,M,2010-12-01,248093020,2010-12-16,5093,421.89,364.69,2148685.77,1857366.17,291319.6,offlinecoupon_5%,0.05,5416,5401,Jerusalem
182,Sub-Saharan Africa,Comoros,Snacks,Offline,L,2014-01-16,858020055,2014-01-17,6056,152.58,97.44,924024.48,590096.64,333927.84,offlinecoupon_5%,0.05,4274,4273,Moroni
183,Middle East and North Africa,Iran,Baby Food,Offline,H,2014-12-11,700620734,2015-01-05,8099,255.28,159.42,2067512.72,1291142.58,776370.14,offlinecoupon_5%,0.05,3945,3920,Tehran
184,Asia,Vietnam,Cosmetics,Offline,L,2016-12-24,827506387,2017-01-30,6384,437.2,263.33,2791084.8,1681098.72,1109986.08,offlinecoupon_5%,0.05,3201,3164,Hanoi
185,Central America and the Caribbean,Belize,Household,Online,M,2013-03-21,560600841,2013-04-14,3101,668.27,502.54,2072305.27,1558376.54,513928.73,onlinecoupon_10%,0.1,4575,4551,Belmopan
186,Europe,Belarus,Personal Care,Offline,H,2012-12-08,642140424,2013-01-16,2476,81.73,56.67,202363.48,140314.92,62048.56,offlinecoupon_5%,0.05,4678,4639,Minsk
187,North America,United States of America,Baby Food,Offline,C,2015-02-13,984673964,2015-03-05,5763,255.28,159.42,1471178.64,918737.46,552441.18,offlinecoupon_5%,0.05,3881,3861,Washington
188,Europe,Poland,Beverages,Online,L,2012-03-28,221062791,2012-04-18,6247,47.45,31.79,296420.15,198592.13,97828.02,onlinecoupon_10%,0.1,4933,4912,Warsaw
189,North America,Canada,Vegetables,Offline,L,2016-10-07,654480731,2016-11-08,4247,154.06,90.93,654292.82,386179.71,268113.11,offlinecoupon_5%,0.05,3279,3247,Ottawa
190,Middle East and North Africa,Israel,Beverages,Offline,C,2011-12-15,608414113,2011-12-23,2111,47.45,31.79,100166.95,67108.69,33058.26,offlinecoupon_5%,0.05,5037,5029,Jerusalem
191,Middle East and North Africa,Lebanon,Household,Online,L,2016-03-08,276661765,2016-04-20,9219,668.27,502.54,6160781.13,4632916.26,1527864.87,onlinecoupon_10%,0.1,3492,3449,Beirut
192,Europe,Andorra,Baby Food,Online,L,2011-01-18,373335015,2011-02-28,6982,255.28,159.42,1782364.96,1113070.44,669294.52,onlinecoupon_10%,0.1,5368,5327,Andorra la Vella
193,Europe,Slovakia,Clothes,Online,L,2013-04-11,782857692,2013-05-28,3843,109.28,35.84,419963.04,137733.12,282229.92,onlinecoupon_10%,0.1,4554,4507,Bratislava
194,Sub-Saharan Africa,Liberia,Fruits,Online,H,2010-05-18,109966123,2010-06-05,274,9.33,6.92,2556.42,1896.08,660.34,onlinecoupon_10%,0.1,5613,5595,Monrovia
195,Central America and the Caribbean,Antigua and Barbuda,Cereal,Offline,M,2017-06-05,629709136,2017-06-06,3782,205.7,117.11,777957.4,442910.02,335047.38,offlinecoupon_5%,0.05,3038,3037,Saint John's
196,Asia,China,Personal Care,Online,L,2012-09-11,637448060,2012-09-15,3901,81.73,56.67,318828.73,221069.67,97759.06,onlinecoupon_10%,0.1,4766,4762,Beijing
197,Sub-Saharan Africa,Niger,Baby Food,Online,H,2017-03-08,298856723,2017-04-03,7200,255.28,159.42,1838016.0,1147824.0,690192.0,onlinecoupon_10%,0.1,3127,3101,Niamey
198,Europe,United Kingdom,Household,Offline,L,2015-01-28,299921452,2015-02-23,2278,668.27,502.54,1522319.06,1144786.12,377532.94,offlinecoupon_5%,0.05,3897,3871,London
199,Asia,Bangladesh,Personal Care,Offline,M,2010-07-26,496941077,2010-07-29,4763,81.73,56.67,389279.99,269919.21,119360.78,offlinecoupon_5%,0.05,5544,5541,Dhaka
200,Asia,Myanmar,Snacks,Online,L,2016-06-24,366526925,2016-07-14,2317,152.58,97.44,353527.86,225768.48,127759.38,onlinecoupon_10%,0.1,3384,3364,Rangoon
201,Australia and Oceania,Tonga,Meat,Offline,M,2012-08-18,355602824,2012-09-15,9633,421.89,364.69,4064066.37,3513058.77,551007.6,offlinecoupon_5%,0.05,4790,4762,Nuku'alofa
202,Sub-Saharan Africa,Guinea-Bissau,Vegetables,Online,C,2010-03-11,531405103,2010-04-19,3434,154.06,90.93,529042.04,312253.62,216788.42,onlinecoupon_10%,0.1,5681,5642,Bissau
203,Australia and Oceania,Nauru,Vegetables,Offline,M,2010-01-14,131482589,2010-01-20,7475,154.06,90.93,1151598.5,679701.75,471896.75,offlinecoupon_5%,0.05,5737,5731,Yaren
204,Sub-Saharan Africa,Swaziland,Cereal,Online,L,2014-02-10,713696610,2014-03-28,7542,205.7,117.11,1551389.4,883243.62,668145.78,onlinecoupon_10%,0.1,4249,4203,Mbabane
205,Europe,Finland,Vegetables,Online,C,2014-01-21,306220996,2014-01-30,6452,154.06,90.93,993995.12,586680.36,407314.76,onlinecoupon_10%,0.1,4269,4260,Helsinki
206,Australia and Oceania,Papua New Guinea,Household,Offline,L,2010-02-28,157542073,2010-03-15,9055,668.27,502.54,6051184.85,4550499.7,1500685.15,offlinecoupon_5%,0.05,5692,5677,Port Moresby
207,Sub-Saharan Africa,Mauritius,Personal Care,Online,L,2015-02-18,686458671,2015-03-08,7230,81.73,56.67,590907.9,409724.1,181183.8,onlinecoupon_10%,0.1,3876,3858,Port Louis
208,Sub-Saharan Africa,Mozambique,Office Supplies,Online,M,2012-06-14,132082116,2012-07-22,4888,651.21,524.96,3183114.48,2566004.48,617110.0,onlinecoupon_10%,0.1,4855,4817,Maputo
209,Europe,Bulgaria,Clothes,Online,L,2013-03-05,403836238,2013-04-03,2972,109.28,35.84,324780.16,106516.48,218263.68,onlinecoupon_10%,0.1,4591,4562,Sofia
210,Europe,Spain,Household,Online,C,2014-04-10,331457364,2014-04-23,4455,668.27,502.54,2977142.85,2238815.7,738327.15,onlinecoupon_10%,0.1,4190,4177,Madrid
211,Australia and Oceania,Vanuatu,Meat,Online,H,2017-07-26,614994323,2017-09-12,9341,421.89,364.69,3940874.49,3406569.29,534305.2,onlinecoupon_10%,0.1,2987,2939,Port-Vila
212,Europe,Belgium,Fruits,Offline,L,2010-10-19,674808442,2010-10-24,9669,9.33,6.92,90211.77,66909.48,23302.29,offlinecoupon_5%,0.05,5459,5454,Brussels
213,Europe,Belgium,Baby Food,Offline,L,2016-11-08,901573550,2016-12-23,4503,255.28,159.42,1149525.84,717868.26,431657.58,offlinecoupon_5%,0.05,3247,3202,Brussels
214,Sub-Saharan Africa,Guinea-Bissau,Clothes,Online,L,2014-03-31,406275975,2014-05-10,4944,109.28,35.84,540280.32,177192.96,363087.36,onlinecoupon_10%,0.1,4200,4160,Bissau
215,Sub-Saharan Africa,Togo,Vegetables,Online,C,2016-08-18,170214545,2016-08-19,9121,154.06,90.93,1405181.26,829372.53,575808.73,onlinecoupon_10%,0.1,3329,3328,Lome
216,Sub-Saharan Africa,Cote d'Ivoire,Personal Care,Offline,C,2016-01-03,795000588,2016-01-08,7196,81.73,56.67,588129.08,407797.32,180331.76,offlinecoupon_5%,0.05,3557,3552,Yamoussoukro
217,Sub-Saharan Africa,Republic of the Congo,Fruits,Offline,C,2016-10-21,252557933,2016-11-04,6360,9.33,6.92,59338.8,44011.2,15327.6,offlinecoupon_5%,0.05,3265,3251,Brazzaville
218,Middle East and North Africa,Libya,Baby Food,Offline,M,2016-12-10,635122907,2016-12-13,5837,255.28,159.42,1490069.36,930534.54,559534.82,offlinecoupon_5%,0.05,3215,3212,Tripoli
219,Australia and Oceania,East Timor,Vegetables,Online,C,2011-08-12,505244338,2011-09-19,1882,154.06,90.93,289940.92,171130.26,118810.66,onlinecoupon_10%,0.1,5162,5124,Dili
220,Europe,Switzerland,Clothes,Offline,H,2012-03-23,745783555,2012-05-09,2782,109.28,35.84,304016.96,99706.88,204310.08,offlinecoupon_5%,0.05,4938,4891,Bern
221,Australia and Oceania,Palau,Snacks,Offline,M,2012-04-27,509914386,2012-06-11,3853,152.58,97.44,587890.74,375436.32,212454.42,offlinecoupon_5%,0.05,4903,4858,Melekeok
222,Middle East and North Africa,Jordan,Household,Online,M,2014-01-29,371123158,2014-02-09,2445,668.27,502.54,1633920.15,1228710.3,405209.85,onlinecoupon_10%,0.1,4261,4250,Amman
223,Europe,Slovenia,Household,Online,H,2016-12-13,973208701,2016-12-28,2936,668.27,502.54,1962040.72,1475457.44,486583.28,onlinecoupon_10%,0.1,3212,3197,Ljubljana
224,Asia,South Korea,Baby Food,Online,L,2013-11-21,780282342,2013-12-27,1739,255.28,159.42,443931.92,277231.38,166700.54,onlinecoupon_10%,0.1,4330,4294,Seoul
225,Europe,Norway,Clothes,Online,H,2010-04-07,126767909,2010-05-22,2296,109.28,35.84,250906.88,82288.64,168618.24,onlinecoupon_10%,0.1,5654,5609,Oslo
226,Middle East and North Africa,Afghanistan,Baby Food,Online,M,2012-07-08,767401731,2012-07-30,80,255.28,159.42,20422.4,12753.6,7668.8,onlinecoupon_10%,0.1,4831,4809,Kabul
227,Asia,Bangladesh,Personal Care,Online,L,2016-10-15,927232635,2016-11-24,7597,81.73,56.67,620902.81,430521.99,190380.82,onlinecoupon_10%,0.1,3271,3231,Dhaka
228,Sub-Saharan Africa,Guinea,Meat,Offline,M,2012-09-18,251621949,2012-10-20,9381,421.89,364.69,3957750.09,3421156.89,536593.2,offlinecoupon_5%,0.05,4759,4727,Conakry
229,Central America and the Caribbean,Cuba,Office Supplies,Offline,H,2017-07-02,256243503,2017-07-23,7002,651.21,524.96,4559772.42,3675769.92,884002.5,offlinecoupon_5%,0.05,3011,2990,Havana
230,Europe,Russia,Cosmetics,Offline,C,2011-07-21,277083623,2011-09-02,4056,437.2,263.33,1773283.2,1068066.48,705216.72,offlinecoupon_5%,0.05,5184,5141,Moscow
231,Sub-Saharan Africa,Seychelles,Vegetables,Offline,L,2010-06-01,620441138,2010-06-22,1175,154.06,90.93,181020.5,106842.75,74177.75,offlinecoupon_5%,0.05,5599,5578,Victoria
232,Asia,South Korea,Office Supplies,Offline,M,2015-07-26,312927377,2015-09-07,1020,651.21,524.96,664234.2,535459.2,128775.0,offlinecoupon_5%,0.05,3718,3675,Seoul
233,Sub-Saharan Africa,Ghana,Baby Food,Offline,L,2010-08-06,251466166,2010-09-08,3282,255.28,159.42,837828.96,523216.44,314612.52,offlinecoupon_5%,0.05,5533,5500,Accra
234,Central America and the Caribbean,Costa Rica,Office Supplies,Online,H,2010-06-20,953293836,2010-07-22,9685,651.21,524.96,6306968.85,5084237.6,1222731.25,onlinecoupon_10%,0.1,5580,5548,San Jose
235,Europe,Romania,Cereal,Online,C,2012-04-08,305959212,2012-04-23,8985,205.7,117.11,1848214.5,1052233.35,795981.15,onlinecoupon_10%,0.1,4922,4907,Bucharest
236,Europe,Czech Republic,Cereal,Online,L,2014-02-27,317323625,2014-03-24,1967,205.7,117.11,404611.9,230355.37,174256.53,onlinecoupon_10%,0.1,4232,4207,Prague
237,Europe,Liechtenstein,Household,Offline,L,2011-07-25,365560901,2011-09-01,6449,668.27,502.54,4309673.23,3240880.46,1068792.77,offlinecoupon_5%,0.05,5180,5142,Vaduz
238,Sub-Saharan Africa,Seychelles,Baby Food,Online,M,2016-02-18,349157369,2016-04-05,2279,255.28,159.42,581783.12,363318.18,218464.94,onlinecoupon_10%,0.1,3511,3464,Victoria
239,Middle East and North Africa,Somalia,Baby Food,Online,L,2014-01-24,236911857,2014-02-25,6338,255.28,159.42,1617964.64,1010403.96,607560.68,onlinecoupon_10%,0.1,4266,4234,Mogadishu
240,Australia and Oceania,Solomon Islands,Personal Care,Offline,H,2015-05-10,517935693,2015-06-16,7536,81.73,56.67,615917.28,427065.12,188852.16,offlinecoupon_5%,0.05,3795,3758,Honiara
241,Sub-Saharan Africa,Uganda,Clothes,Offline,C,2012-02-13,851652705,2012-03-27,1816,109.28,35.84,198452.48,65085.44,133367.04,offlinecoupon_5%,0.05,4977,4934,Kampala
242,Sub-Saharan Africa,Equatorial Guinea,Cereal,Offline,M,2012-09-07,517799222,2012-10-23,7151,205.7,117.11,1470960.7,837453.61,633507.09,offlinecoupon_5%,0.05,4770,4724,Malabo
243,Central America and the Caribbean,Costa Rica,Office Supplies,Offline,C,2015-02-04,666424071,2015-03-04,8547,651.21,524.96,5565891.87,4486833.12,1079058.75,offlinecoupon_5%,0.05,3890,3862,San Jose
244,Europe,Moldova,Fruits,Offline,C,2010-11-16,267888581,2010-12-22,3039,9.33,6.92,28353.87,21029.88,7323.99,offlinecoupon_5%,0.05,5431,5395,Chisinau
245,Sub-Saharan Africa,Burkina Faso,Vegetables,Online,L,2011-07-20,162866580,2011-07-26,4695,154.06,90.93,723311.7,426916.35,296395.35,onlinecoupon_10%,0.1,5185,5179,Ouagadougou
246,Central America and the Caribbean,Guatemala,Beverages,Offline,H,2014-07-26,812344396,2014-08-30,9614,47.45,31.79,456184.3,305629.06,150555.24,offlinecoupon_5%,0.05,4083,4048,Guatemala City
247,Sub-Saharan Africa,Swaziland,Meat,Online,M,2014-08-24,947620856,2014-09-03,924,421.89,364.69,389826.36,336973.56,52852.8,onlinecoupon_10%,0.1,4054,4044,Mbabane
248,Asia,Maldives,Vegetables,Online,H,2015-02-25,720307290,2015-03-28,3789,154.06,90.93,583733.34,344533.77,239199.57,onlinecoupon_10%,0.1,3869,3838,Male
249,Asia,Thailand,Household,Online,H,2016-09-21,352327525,2016-10-27,399,668.27,502.54,266639.73,200513.46,66126.27,onlinecoupon_10%,0.1,3295,3259,Bangkok
250,Sub-Saharan Africa,Sudan,Household,Online,C,2013-06-28,585917890,2013-07-23,4979,668.27,502.54,3327316.33,2502146.66,825169.67,onlinecoupon_10%,0.1,4476,4451,Khartoum
251,Central America and the Caribbean,Costa Rica,Meat,Offline,L,2012-01-05,433627212,2012-02-13,8783,421.89,364.69,3705459.87,3203072.27,502387.6,offlinecoupon_5%,0.05,5016,4977,San Jose
252,Europe,Denmark,Beverages,Online,C,2012-05-01,328316819,2012-05-30,5098,47.45,31.79,241900.1,162065.42,79834.68,onlinecoupon_10%,0.1,4899,4870,Copenhagen
253,Sub-Saharan Africa,Angola,Cereal,Offline,C,2011-10-13,773160541,2011-11-21,4240,205.7,117.11,872168.0,496546.4,375621.6,offlinecoupon_5%,0.05,5100,5061,Luanda
254,Australia and Oceania,Papua New Guinea,Household,Online,M,2016-04-27,991644704,2016-05-18,8559,668.27,502.54,5719722.93,4301239.86,1418483.07,onlinecoupon_10%,0.1,3442,3421,Port Moresby
255,Asia,North Korea,Meat,Online,M,2014-01-19,277568137,2014-02-07,7435,421.89,364.69,3136752.15,2711470.15,425282.0,onlinecoupon_10%,0.1,4271,4252,Pyongyang
256,Central America and the Caribbean,El Salvador,Fruits,Online,C,2016-11-06,245042169,2016-12-15,2278,9.33,6.92,21253.74,15763.76,5489.98,onlinecoupon_10%,0.1,3249,3210,San Salvador
257,Sub-Saharan Africa,Burkina Faso,Household,Online,M,2011-02-28,778490626,2011-03-24,1531,668.27,502.54,1023121.37,769388.74,253732.63,onlinecoupon_10%,0.1,5327,5303,Ouagadougou
258,Middle East and North Africa,Yemen,Baby Food,Online,C,2014-10-11,482649838,2014-11-13,5668,255.28,159.42,1446927.04,903592.56,543334.48,onlinecoupon_10%,0.1,4006,3973,Sanaa
259,Sub-Saharan Africa,Republic of the Congo,Beverages,Online,L,2012-06-25,732568633,2012-07-05,2193,47.45,31.79,104057.85,69715.47,34342.38,onlinecoupon_10%,0.1,4844,4834,Brazzaville
260,Europe,Andorra,Household,Online,M,2012-11-06,723608338,2012-11-23,642,668.27,502.54,429029.34,322630.68,106398.66,onlinecoupon_10%,0.1,4710,4693,Andorra la Vella
261,Central America and the Caribbean,Dominican Republic,Household,Offline,H,2014-02-24,621442782,2014-04-14,7584,668.27,502.54,5068159.68,3811263.36,1256896.32,offlinecoupon_5%,0.05,4235,4186,Santo Domingo
262,Middle East and North Africa,Israel,Baby Food,Offline,M,2015-09-19,212058293,2015-10-06,1616,255.28,159.42,412532.48,257622.72,154909.76,offlinecoupon_5%,0.05,3663,3646,Jerusalem
263,Australia and Oceania,Solomon Islands,Snacks,Offline,L,2014-03-04,251753699,2014-03-24,8369,152.58,97.44,1276942.02,815475.36,461466.66,offlinecoupon_5%,0.05,4227,4207,Honiara
264,Sub-Saharan Africa,Liberia,Fruits,Online,M,2014-10-08,217140328,2014-10-30,5503,9.33,6.92,51342.99,38080.76,13262.23,onlinecoupon_10%,0.1,4009,3987,Monrovia
265,Sub-Saharan Africa,Mali,Vegetables,Online,C,2012-06-19,555142009,2012-07-10,7712,154.06,90.93,1188110.72,701252.16,486858.56,onlinecoupon_10%,0.1,4850,4829,Bamako
266,Asia,Uzbekistan,Clothes,Online,C,2010-11-11,432995069,2010-12-13,1718,109.28,35.84,187743.04,61573.12,126169.92,onlinecoupon_10%,0.1,5436,5404,Tashkent
267,Middle East and North Africa,Tunisia,Personal Care,Offline,H,2010-11-01,888248336,2010-11-07,1276,81.73,56.67,104287.48,72310.92,31976.56,offlinecoupon_5%,0.05,5446,5440,Tunis
268,Europe,Vatican City,Vegetables,Online,C,2014-04-28,778763139,2014-05-09,2173,154.06,90.93,334772.38,197590.89,137181.49,onlinecoupon_10%,0.1,4172,4161,Vatican City
269,Sub-Saharan Africa,Djibouti,Snacks,Offline,H,2012-12-22,832713305,2013-02-09,7227,152.58,97.44,1102695.66,704198.88,398496.78,offlinecoupon_5%,0.05,4664,4615,Djibouti
270,Europe,Ukraine,Household,Offline,M,2014-08-25,498585164,2014-09-29,1285,668.27,502.54,858726.95,645763.9,212963.05,offlinecoupon_5%,0.05,4053,4018,Kyiv
271,Australia and Oceania,East Timor,Fruits,Offline,M,2016-11-26,195177543,2016-12-23,6227,9.33,6.92,58097.91,43090.84,15007.07,offlinecoupon_5%,0.05,3229,3202,Dili
272,Sub-Saharan Africa,Uganda,Cereal,Online,C,2010-10-20,861601769,2010-12-02,5965,205.7,117.11,1227000.5,698561.15,528439.35,onlinecoupon_10%,0.1,5458,5415,Kampala
273,Sub-Saharan Africa,Guinea,Meat,Online,H,2014-12-18,807281672,2015-01-26,1441,421.89,364.69,607943.49,525518.29,82425.2,onlinecoupon_10%,0.1,3938,3899,Conakry
274,Sub-Saharan Africa,Equatorial Guinea,Clothes,Offline,H,2011-03-20,661953580,2011-04-24,5629,109.28,35.84,615137.12,201743.36,413393.76,offlinecoupon_5%,0.05,5307,5272,Malabo
275,Europe,Malta,Cosmetics,Online,M,2016-07-12,225666320,2016-08-21,8534,437.2,263.33,3731064.8,2247258.22,1483806.58,onlinecoupon_10%,0.1,3366,3326,Valletta
276,Europe,Cyprus,Household,Offline,L,2011-01-26,718781220,2011-02-19,2191,668.27,502.54,1464179.57,1101065.14,363114.43,offlinecoupon_5%,0.05,5360,5336,Nicosia
277,Europe,Czech Republic,Office Supplies,Online,L,2010-02-24,731972110,2010-04-15,5668,651.21,524.96,3691058.28,2975473.28,715585.0,onlinecoupon_10%,0.1,5696,5646,Prague
278,Middle East and North Africa,Libya,Vegetables,Online,C,2015-01-02,276225316,2015-02-09,64,154.06,90.93,9859.84,5819.52,4040.32,onlinecoupon_10%,0.1,3923,3885,Tripoli
279,Asia,Vietnam,Office Supplies,Offline,C,2016-07-26,332839667,2016-07-27,3509,651.21,524.96,2285095.89,1842084.64,443011.25,offlinecoupon_5%,0.05,3352,3351,Hanoi
280,Middle East and North Africa,Jordan,Vegetables,Online,C,2014-06-01,603426492,2014-06-15,6163,154.06,90.93,949471.78,560401.59,389070.19,onlinecoupon_10%,0.1,4138,4124,Amman
281,Sub-Saharan Africa,Mali,Beverages,Offline,H,2012-12-21,859909617,2013-01-29,5220,47.45,31.79,247689.0,165943.8,81745.2,offlinecoupon_5%,0.05,4665,4626,Bamako
282,Europe,Czech Republic,Household,Online,L,2010-02-27,494525372,2010-03-02,9902,668.27,502.54,6617209.54,4976151.08,1641058.46,onlinecoupon_10%,0.1,5693,5690,Prague
283,Europe,Slovakia,Vegetables,Online,M,2016-04-24,769822585,2016-05-15,6465,154.06,90.93,995997.9,587862.45,408135.45,onlinecoupon_10%,0.1,3445,3424,Bratislava
284,Sub-Saharan Africa,Zimbabwe,Vegetables,Offline,C,2012-07-22,768662583,2012-08-10,3195,154.06,90.93,492221.7,290521.35,201700.35,offlinecoupon_5%,0.05,4817,4798,Harare
285,Central America and the Caribbean,Honduras,Cereal,Online,M,2015-02-22,544219195,2015-03-09,5409,205.7,117.11,1112631.3,633447.99,479183.31,onlinecoupon_10%,0.1,3872,3857,Tegucigalpa
286,Europe,Switzerland,Beverages,Offline,L,2011-02-10,669978749,2011-03-20,455,47.45,31.79,21589.75,14464.45,7125.3,offlinecoupon_5%,0.05,5345,5307,Bern
287,Sub-Saharan Africa,South Africa,Cosmetics,Offline,L,2015-01-21,889740073,2015-01-26,2715,437.2,263.33,1186998.0,714940.95,472057.05,offlinecoupon_5%,0.05,3904,3899,Pretoria
288,Sub-Saharan Africa,Uganda,Beverages,Online,M,2012-05-10,567614495,2012-06-28,8598,47.45,31.79,407975.1,273330.42,134644.68,onlinecoupon_10%,0.1,4890,4841,Kampala
289,Middle East and North Africa,Iran,Vegetables,Offline,M,2015-12-16,938025844,2016-01-21,1547,154.06,90.93,238330.82,140668.71,97662.11,offlinecoupon_5%,0.05,3575,3539,Tehran
290,Sub-Saharan Africa,Central African Republic,Baby Food,Online,L,2012-01-31,945717132,2012-02-13,7570,255.28,159.42,1932469.6,1206809.4,725660.2,onlinecoupon_10%,0.1,4990,4977,Bangui
291,Central America and the Caribbean,The Bahamas,Cosmetics,Offline,C,2013-02-07,253407227,2013-02-15,7685,437.2,263.33,3359882.0,2023691.05,1336190.95,offlinecoupon_5%,0.05,4617,4609,Nassau
292,Sub-Saharan Africa,South Africa,Household,Offline,H,2014-09-14,494454562,2014-09-22,8948,668.27,502.54,5979679.96,4496727.92,1482952.04,offlinecoupon_5%,0.05,4033,4025,Pretoria
293,Sub-Saharan Africa,Benin,Cereal,Online,M,2012-06-05,104845464,2012-07-24,4957,205.7,117.11,1019654.9,580514.27,439140.63,onlinecoupon_10%,0.1,4864,4815,Porto-Novo
294,Europe,Hungary,Cosmetics,Online,M,2014-04-05,290878760,2014-04-07,6344,437.2,263.33,2773596.8,1670565.52,1103031.28,onlinecoupon_10%,0.1,4195,4193,Budapest
295,Europe,Austria,Office Supplies,Offline,C,2014-02-02,979165780,2014-02-10,5768,651.21,524.96,3756179.28,3027969.28,728210.0,offlinecoupon_5%,0.05,4257,4249,Vienna
296,Asia,Tajikistan,Office Supplies,Offline,C,2010-09-01,366630351,2010-10-12,2923,651.21,524.96,1903486.83,1534458.08,369028.75,offlinecoupon_5%,0.05,5507,5466,Dushanbe
297,Europe,Portugal,Office Supplies,Online,C,2011-05-17,770508801,2011-06-25,9532,651.21,524.96,6207333.72,5003918.72,1203415.0,onlinecoupon_10%,0.1,5249,5210,Lisbon
298,Europe,Belgium,Beverages,Offline,M,2013-04-21,978349959,2013-05-21,4349,47.45,31.79,206360.05,138254.71,68105.34,offlinecoupon_5%,0.05,4544,4514,Brussels
299,Europe,Slovenia,Beverages,Offline,L,2014-08-10,298015153,2014-08-14,8161,47.45,31.79,387239.45,259438.19,127801.26,offlinecoupon_5%,0.05,4068,4064,Ljubljana
300,Europe,Czech Republic,Snacks,Online,M,2010-09-19,807678210,2010-10-30,8786,152.58,97.44,1340567.88,856107.84,484460.04,onlinecoupon_10%,0.1,5489,5448,Prague
301,Australia and Oceania,Marshall Islands,Personal Care,Offline,C,2013-04-13,605825459,2013-05-14,6071,81.73,56.67,496182.83,344043.57,152139.26,offlinecoupon_5%,0.05,4552,4521,Majuro
302,Sub-Saharan Africa,Sudan,Fruits,Online,C,2016-01-28,561255729,2016-02-01,6897,9.33,6.92,64349.01,47727.24,16621.77,onlinecoupon_10%,0.1,3532,3528,Khartoum
303,Central America and the Caribbean,Dominican Republic,Clothes,Online,H,2013-12-09,263080346,2013-12-14,175,109.28,35.84,19124.0,6272.0,12852.0,onlinecoupon_10%,0.1,4312,4307,Santo Domingo
304,Sub-Saharan Africa,Tanzania,Cereal,Offline,C,2014-02-21,270723140,2014-03-09,1848,205.7,117.11,380133.6,216419.28,163714.32,offlinecoupon_5%,0.05,4238,4222,Dar es Salaam
305,Europe,Switzerland,Clothes,Offline,H,2017-06-09,763920438,2017-07-10,9888,109.28,35.84,1080560.64,354385.92,726174.72,offlinecoupon_5%,0.05,3034,3003,Bern
306,North America,Greenland,Household,Online,L,2014-04-17,192721068,2014-05-20,9302,668.27,502.54,6216247.54,4674627.08,1541620.46,onlinecoupon_10%,0.1,4183,4150,Nuuk
307,Australia and Oceania,Tonga,Fruits,Offline,L,2011-05-20,227486360,2011-06-08,7124,9.33,6.92,66466.92,49298.08,17168.84,offlinecoupon_5%,0.05,5246,5227,Nuku'alofa
308,Middle East and North Africa,Saudi Arabia,Vegetables,Online,M,2012-08-28,808890140,2012-09-22,7422,154.06,90.93,1143433.32,674882.46,468550.86,onlinecoupon_10%,0.1,4780,4755,Riyadh
309,Central America and the Caribbean,Belize,Cosmetics,Offline,C,2015-07-25,597918736,2015-09-11,6296,437.2,263.33,2752611.2,1657925.68,1094685.52,offlinecoupon_5%,0.05,3719,3671,Belmopan
310,Sub-Saharan Africa,Angola,Cosmetics,Online,H,2014-10-27,125870978,2014-11-20,6874,437.2,263.33,3005312.8,1810130.42,1195182.38,onlinecoupon_10%,0.1,3990,3966,Luanda
311,Asia,Malaysia,Household,Online,H,2013-10-18,444358193,2013-10-21,4319,668.27,502.54,2886258.13,2170470.26,715787.87,onlinecoupon_10%,0.1,4364,4361,Kuala Lumpur
312,Sub-Saharan Africa,Ethiopia,Beverages,Online,C,2013-02-15,875304210,2013-03-12,822,47.45,31.79,39003.9,26131.38,12872.52,onlinecoupon_10%,0.1,4609,4584,Addis Ababa
313,North America,Greenland,Baby Food,Offline,C,2014-07-08,360945355,2014-08-16,607,255.28,159.42,154954.96,96767.94,58187.02,offlinecoupon_5%,0.05,4101,4062,Nuuk
314,Sub-Saharan Africa,Benin,Cereal,Offline,C,2016-12-12,613830459,2017-01-16,4928,205.7,117.11,1013689.6,577118.08,436571.52,offlinecoupon_5%,0.05,3213,3178,Porto-Novo
315,Middle East and North Africa,Yemen,Cereal,Offline,H,2012-11-24,266820847,2012-12-10,7073,205.7,117.11,1454916.1,828319.03,626597.07,offlinecoupon_5%,0.05,4692,4676,Sanaa
316,Sub-Saharan Africa,Rwanda,Baby Food,Offline,M,2014-11-03,723090350,2014-11-27,7358,255.28,159.42,1878350.24,1173012.36,705337.88,offlinecoupon_5%,0.05,3983,3959,Kigali
317,Sub-Saharan Africa,Mauritania,Meat,Offline,M,2013-08-03,306125295,2013-08-15,8132,421.89,364.69,3430809.48,2965659.08,465150.4,offlinecoupon_5%,0.05,4440,4428,Nouakchott
318,Australia and Oceania,New Zealand,Personal Care,Online,L,2012-05-23,109724509,2012-06-16,8775,81.73,56.67,717180.75,497279.25,219901.5,onlinecoupon_10%,0.1,4877,4853,Wellington
319,Australia and Oceania,Samoa,Clothes,Offline,M,2015-07-22,847999322,2015-08-06,699,109.28,35.84,76386.72,25052.16,51334.56,offlinecoupon_5%,0.05,3722,3707,Apia
320,Australia and Oceania,Fiji,Clothes,Online,H,2017-02-01,605373561,2017-03-02,2344,109.28,35.84,256152.32,84008.96,172143.36,onlinecoupon_10%,0.1,3162,3133,Suva
321,Sub-Saharan Africa,Malawi,Beverages,Online,H,2012-01-28,686583554,2012-02-22,4186,47.45,31.79,198625.7,133072.94,65552.76,onlinecoupon_10%,0.1,4993,4968,Lilongwe
322,Australia and Oceania,Marshall Islands,Beverages,Offline,M,2015-08-03,666678130,2015-09-21,3729,47.45,31.79,176941.05,118544.91,58396.14,offlinecoupon_5%,0.05,3710,3661,Majuro
323,Central America and the Caribbean,Grenada,Baby Food,Online,M,2013-06-23,641018617,2013-06-30,508,255.28,159.42,129682.24,80985.36,48696.88,onlinecoupon_10%,0.1,4481,4474,Saint George's
324,Europe,Luxembourg,Meat,Online,C,2011-08-03,775278842,2011-09-22,1093,421.89,364.69,461125.77,398606.17,62519.6,onlinecoupon_10%,0.1,5171,5121,Luxembourg
325,Sub-Saharan Africa,Zimbabwe,Meat,Offline,M,2016-10-30,855445134,2016-12-06,4080,421.89,364.69,1721311.2,1487935.2,233376.0,offlinecoupon_5%,0.05,3256,3219,Harare
326,Asia,China,Vegetables,Online,H,2010-09-05,737816321,2010-09-21,5100,154.06,90.93,785706.0,463743.0,321963.0,onlinecoupon_10%,0.1,5503,5487,Beijing
327,North America,United States of America,Beverages,Online,L,2013-07-13,799003732,2013-07-14,1815,47.45,31.79,86121.75,57698.85,28422.9,onlinecoupon_10%,0.1,4461,4460,Washington
328,Sub-Saharan Africa,Central African Republic,Vegetables,Online,L,2012-10-09,585931193,2012-11-21,8916,154.06,90.93,1373598.96,810731.88,562867.08,onlinecoupon_10%,0.1,4738,4695,Bangui
329,Central America and the Caribbean,Antigua and Barbuda,Vegetables,Online,M,2012-01-03,165835034,2012-01-05,3127,154.06,90.93,481745.62,284338.11,197407.51,onlinecoupon_10%,0.1,5018,5016,Saint John's
330,Central America and the Caribbean,Guatemala,Baby Food,Offline,H,2012-02-08,576264083,2012-03-14,8203,255.28,159.42,2094061.84,1307722.26,786339.58,offlinecoupon_5%,0.05,4982,4947,Guatemala City
331,Middle East and North Africa,Qatar,Clothes,Offline,L,2015-01-03,675079667,2015-01-07,9930,109.28,35.84,1085150.4,355891.2,729259.2,offlinecoupon_5%,0.05,3922,3918,Doha
332,Middle East and North Africa,Israel,Personal Care,Online,L,2012-05-13,290455615,2012-05-28,1126,81.73,56.67,92027.98,63810.42,28217.56,onlinecoupon_10%,0.1,4887,4872,Jerusalem
333,Asia,Thailand,Snacks,Offline,L,2012-01-13,670878255,2012-02-15,6639,152.58,97.44,1012978.62,646904.16,366074.46,offlinecoupon_5%,0.05,5008,4975,Bangkok
334,Asia,Singapore,Cereal,Online,M,2011-07-30,435146415,2011-08-12,8349,205.7,117.11,1717389.3,977751.39,739637.91,onlinecoupon_10%,0.1,5175,5162,Singapore
335,Asia,North Korea,Snacks,Online,C,2017-03-13,522371423,2017-04-08,167,152.58,97.44,25480.86,16272.48,9208.38,onlinecoupon_10%,0.1,3122,3096,Pyongyang
336,Europe,Austria,Office Supplies,Online,L,2017-03-23,141977107,2017-04-18,3036,651.21,524.96,1977073.56,1593778.56,383295.0,onlinecoupon_10%,0.1,3112,3086,Vienna
337,Asia,Japan,Baby Food,Offline,L,2016-03-16,823699796,2016-04-19,9929,255.28,159.42,2534675.12,1582881.18,951793.94,offlinecoupon_5%,0.05,3484,3450,Tokyo
338,Sub-Saharan Africa,Zimbabwe,Beverages,Offline,L,2015-12-18,567588317,2015-12-26,851,47.45,31.79,40379.95,27053.29,13326.66,offlinecoupon_5%,0.05,3573,3565,Harare
339,Europe,Lithuania,Fruits,Offline,H,2011-10-25,594003999,2011-11-16,7838,9.33,6.92,73128.54,54238.96,18889.58,offlinecoupon_5%,0.05,5088,5066,Vilnius
340,Europe,Luxembourg,Baby Food,Offline,H,2011-06-30,393620669,2011-08-02,9958,255.28,159.42,2542078.24,1587504.36,954573.88,offlinecoupon_5%,0.05,5205,5172,Luxembourg
341,Sub-Saharan Africa,Central African Republic,Cosmetics,Offline,H,2016-03-27,877424657,2016-04-10,8309,437.2,263.33,3632694.8,2188008.97,1444685.83,offlinecoupon_5%,0.05,3473,3459,Bangui
342,Europe,Norway,Household,Offline,M,2016-12-23,326714789,2017-01-21,1021,668.27,502.54,682303.67,513093.34,169210.33,offlinecoupon_5%,0.05,3202,3173,Oslo
343,Australia and Oceania,New Zealand,Household,Offline,L,2017-03-08,398511302,2017-04-20,7205,668.27,502.54,4814885.35,3620800.7,1194084.65,offlinecoupon_5%,0.05,3127,3084,Wellington
344,Europe,Ukraine,Personal Care,Offline,M,2011-06-03,185177838,2011-07-04,7092,81.73,56.67,579629.16,401903.64,177725.52,offlinecoupon_5%,0.05,5232,5201,Kyiv
345,Asia,Taiwan,Personal Care,Offline,H,2013-11-30,865650832,2013-12-31,4173,81.73,56.67,341059.29,236483.91,104575.38,offlinecoupon_5%,0.05,4321,4290,Taipei
346,Europe,Italy,Cereal,Offline,C,2013-05-11,622791612,2013-05-31,6733,205.7,117.11,1384978.1,788501.63,596476.47,offlinecoupon_5%,0.05,4524,4504,Rome
347,Europe,Finland,Personal Care,Online,L,2010-11-13,409774005,2010-11-27,89,81.73,56.67,7273.97,5043.63,2230.34,onlinecoupon_10%,0.1,5434,5420,Helsinki
348,Sub-Saharan Africa,Sudan,Office Supplies,Online,H,2016-03-09,800084340,2016-04-21,1591,651.21,524.96,1036075.11,835211.36,200863.75,onlinecoupon_10%,0.1,3491,3448,Khartoum
349,Europe,Croatia,Snacks,Offline,M,2013-08-19,637521445,2013-09-12,5618,152.58,97.44,857194.44,547417.92,309776.52,offlinecoupon_5%,0.05,4424,4400,Zagreb
350,Sub-Saharan Africa,Mauritania,Beverages,Online,L,2011-04-19,186196649,2011-05-28,8581,47.45,31.79,407168.45,272789.99,134378.46,onlinecoupon_10%,0.1,5277,5238,Nouakchott
351,Australia and Oceania,New Zealand,Baby Food,Offline,L,2014-07-20,680533778,2014-07-25,3923,255.28,159.42,1001463.44,625404.66,376058.78,offlinecoupon_5%,0.05,4089,4084,Wellington
352,Middle East and North Africa,Pakistan,Beverages,Online,L,2014-09-08,275269162,2014-09-15,7117,47.45,31.79,337701.65,226249.43,111452.22,onlinecoupon_10%,0.1,4039,4032,Islamabad
353,Europe,Poland,Household,Online,C,2015-06-04,795451629,2015-06-19,668,668.27,502.54,446404.36,335696.72,110707.64,onlinecoupon_10%,0.1,3770,3755,Warsaw
354,Europe,Lithuania,Cereal,Offline,M,2013-12-19,986442506,2014-01-01,9113,205.7,117.11,1874544.1,1067223.43,807320.67,offlinecoupon_5%,0.05,4302,4289,Vilnius
355,Middle East and North Africa,Pakistan,Cereal,Offline,M,2012-05-18,563915622,2012-06-10,4019,205.7,117.11,826708.3,470665.09,356043.21,offlinecoupon_5%,0.05,4882,4859,Islamabad
356,Australia and Oceania,East Timor,Cosmetics,Offline,C,2013-10-12,663857305,2013-11-13,8984,437.2,263.33,3927804.8,2365756.72,1562048.08,offlinecoupon_5%,0.05,4370,4338,Dili
357,Australia and Oceania,Marshall Islands,Fruits,Online,L,2011-01-02,692566382,2011-01-14,4638,9.33,6.92,43272.54,32094.96,11177.58,onlinecoupon_10%,0.1,5384,5372,Majuro
358,Central America and the Caribbean,Cuba,Household,Offline,L,2013-02-02,576654183,2013-02-03,3642,668.27,502.54,2433839.34,1830250.68,603588.66,offlinecoupon_5%,0.05,4622,4621,Havana
359,North America,Greenland,Baby Food,Offline,H,2011-03-19,313044536,2011-04-14,5689,255.28,159.42,1452287.92,906940.38,545347.54,offlinecoupon_5%,0.05,5308,5282,Nuuk
360,Europe,Luxembourg,Personal Care,Offline,C,2012-10-03,418973767,2012-10-27,2503,81.73,56.67,204570.19,141845.01,62725.18,offlinecoupon_5%,0.05,4744,4720,Luxembourg
361,Middle East and North Africa,Israel,Beverages,Online,C,2014-10-23,581990706,2014-11-15,2838,47.45,31.79,134663.1,90220.02,44443.08,onlinecoupon_10%,0.1,3994,3971,Jerusalem
362,Sub-Saharan Africa,Djibouti,Baby Food,Online,H,2015-07-12,109956681,2015-07-24,7480,255.28,159.42,1909494.4,1192461.6,717032.8,onlinecoupon_10%,0.1,3732,3720,Djibouti
363,Europe,Bulgaria,Cereal,Online,L,2010-05-06,181045520,2010-05-27,4247,205.7,117.11,873607.9,497366.17,376241.73,onlinecoupon_10%,0.1,5625,5604,Sofia
364,Asia,Mongolia,Vegetables,Online,C,2010-11-27,693743550,2011-01-09,2988,154.06,90.93,460331.28,271698.84,188632.44,onlinecoupon_10%,0.1,5420,5377,Ulaanbaatar
365,Central America and the Caribbean,Dominican Republic,Clothes,Offline,L,2010-12-26,716849601,2010-12-31,582,109.28,35.84,63600.96,20858.88,42742.08,offlinecoupon_5%,0.05,5391,5386,Santo Domingo
366,Middle East and North Africa,Yemen,Cosmetics,Online,L,2012-12-30,739474999,2013-01-01,5940,437.2,263.33,2596968.0,1564180.2,1032787.8,onlinecoupon_10%,0.1,4656,4654,Sanaa
367,Australia and Oceania,Federated States of Micronesia,Personal Care,Online,M,2016-08-21,421043574,2016-09-07,5005,81.73,56.67,409058.65,283633.35,125425.3,onlinecoupon_10%,0.1,3326,3309,Palikir
368,Europe,Finland,Personal Care,Online,M,2015-02-03,841291654,2015-03-20,5751,81.73,56.67,470029.23,325909.17,144120.06,onlinecoupon_10%,0.1,3891,3846,Helsinki
369,Central America and the Caribbean,The Bahamas,Cereal,Offline,L,2013-12-19,450268065,2014-01-04,3181,205.7,117.11,654331.7,372526.91,281804.79,offlinecoupon_5%,0.05,4302,4286,Nassau
370,Central America and the Caribbean,Grenada,Meat,Online,L,2012-05-12,918334138,2012-06-12,4334,421.89,364.69,1828471.26,1580566.46,247904.8,onlinecoupon_10%,0.1,4888,4857,Saint George's
371,Sub-Saharan Africa,Sao Tome and Principe,Meat,Offline,M,2014-03-28,386163699,2014-04-19,3275,421.89,364.69,1381689.75,1194359.75,187330.0,offlinecoupon_5%,0.05,4203,4181,Sao Tome
372,Central America and the Caribbean,El Salvador,Personal Care,Offline,C,2017-01-11,214743077,2017-02-18,6103,81.73,56.67,498798.19,345857.01,152941.18,offlinecoupon_5%,0.05,3183,3145,San Salvador
373,Europe,Sweden,Baby Food,Online,M,2015-06-21,935371100,2015-07-06,5949,255.28,159.42,1518660.72,948389.58,570271.14,onlinecoupon_10%,0.1,3753,3738,Stockholm
374,Asia,Turkmenistan,Cosmetics,Offline,H,2012-11-29,899659097,2012-12-03,7974,437.2,263.33,3486232.8,2099793.42,1386439.38,offlinecoupon_5%,0.05,4687,4683,Ashgabat
375,Europe,Monaco,Vegetables,Online,H,2010-01-01,329530894,2010-02-13,4369,154.06,90.93,673088.14,397273.17,275814.97,onlinecoupon_10%,0.1,5750,5707,Monaco
376,Middle East and North Africa,Turkey,Meat,Online,H,2016-01-06,867222821,2016-02-06,9359,421.89,364.69,3948468.51,3413133.71,535334.8,onlinecoupon_10%,0.1,3554,3523,Ankara
377,Sub-Saharan Africa,Mozambique,Beverages,Online,M,2014-10-14,625283706,2014-10-23,4199,47.45,31.79,199242.55,133486.21,65756.34,onlinecoupon_10%,0.1,4003,3994,Maputo
378,Middle East and North Africa,Yemen,Office Supplies,Offline,C,2013-12-09,936574876,2014-01-09,2173,651.21,524.96,1415079.33,1140738.08,274341.25,offlinecoupon_5%,0.05,4312,4281,Sanaa
379,Asia,Philippines,Cereal,Offline,M,2010-10-19,504270160,2010-11-25,3601,205.7,117.11,740725.7,421713.11,319012.59,offlinecoupon_5%,0.05,5459,5422,Manila
380,Sub-Saharan Africa,Democratic Republic of the Congo,Personal Care,Offline,M,2011-05-02,351855885,2011-06-02,830,81.73,56.67,67835.9,47036.1,20799.8,offlinecoupon_5%,0.05,5264,5233,Kinshasa
381,Australia and Oceania,Fiji,Snacks,Online,H,2011-03-17,673130881,2011-03-23,3241,152.58,97.44,494511.78,315803.04,178708.74,onlinecoupon_10%,0.1,5310,5304,Suva
382,Europe,Macedonia,Office Supplies,Offline,H,2014-09-24,382206475,2014-10-13,2244,651.21,524.96,1461315.24,1178010.24,283305.0,offlinecoupon_5%,0.05,4023,4004,Skopje
383,Middle East and North Africa,Tunisia,Cereal,Online,H,2015-12-01,263506495,2015-12-14,6283,205.7,117.11,1292413.1,735802.13,556610.97,onlinecoupon_10%,0.1,3590,3577,Tunis
384,Europe,Liechtenstein,Cereal,Offline,L,2017-06-02,721767270,2017-07-18,5829,205.7,117.11,1199025.3,682634.19,516391.11,offlinecoupon_5%,0.05,3041,2995,Vaduz
385,Middle East and North Africa,Qatar,Cosmetics,Online,M,2011-08-04,432037627,2011-08-18,8390,437.2,263.33,3668108.0,2209338.7,1458769.3,onlinecoupon_10%,0.1,5170,5156,Doha
386,Australia and Oceania,Tonga,Meat,Offline,C,2014-07-29,389678895,2014-08-24,3499,421.89,364.69,1476193.11,1276050.31,200142.8,offlinecoupon_5%,0.05,4080,4054,Nuku'alofa
387,Europe,Belgium,Meat,Online,L,2017-01-26,760364902,2017-02-24,7726,421.89,364.69,3259522.14,2817594.94,441927.2,onlinecoupon_10%,0.1,3168,3139,Brussels
388,Sub-Saharan Africa,Chad,Fruits,Offline,C,2010-11-05,430081975,2010-12-09,9669,9.33,6.92,90211.77,66909.48,23302.29,offlinecoupon_5%,0.05,5442,5408,N'Djamena
389,Asia,Thailand,Baby Food,Online,H,2015-03-26,155128943,2015-05-05,4957,255.28,159.42,1265422.96,790244.94,475178.02,onlinecoupon_10%,0.1,3840,3800,Bangkok
390,Europe,Iceland,Clothes,Offline,H,2012-10-07,312117135,2012-10-16,1251,109.28,35.84,136709.28,44835.84,91873.44,offlinecoupon_5%,0.05,4740,4731,Reykjavik
391,Central America and the Caribbean,Saint Lucia,Meat,Offline,L,2013-07-22,447970378,2013-09-02,3245,421.89,364.69,1369033.05,1183419.05,185614.0,offlinecoupon_5%,0.05,4452,4410,Castries
392,Asia,Japan,Cosmetics,Offline,C,2013-08-16,629925000,2013-08-18,7661,437.2,263.33,3349389.2,2017371.13,1332018.07,offlinecoupon_5%,0.05,4427,4425,Tokyo
393,Asia,India,Personal Care,Offline,L,2013-11-05,995529830,2013-12-17,8254,81.73,56.67,674599.42,467754.18,206845.24,offlinecoupon_5%,0.05,4346,4304,New Delhi
394,Australia and Oceania,Vanuatu,Office Supplies,Online,L,2016-03-01,402646195,2016-03-28,812,651.21,524.96,528782.52,426267.52,102515.0,onlinecoupon_10%,0.1,3499,3472,Port-Vila
395,Sub-Saharan Africa,Chad,Meat,Offline,M,2012-03-25,479447925,2012-04-04,8150,421.89,364.69,3438403.5,2972223.5,466180.0,offlinecoupon_5%,0.05,4936,4926,N'Djamena
396,Sub-Saharan Africa,Malawi,Cosmetics,Offline,H,2017-06-20,674421346,2017-06-29,5118,437.2,263.33,2237589.6,1347722.94,889866.66,offlinecoupon_5%,0.05,3023,3014,Lilongwe
397,Europe,Finland,Cosmetics,Online,L,2014-04-18,506365287,2014-05-16,3596,437.2,263.33,1572171.2,946934.68,625236.52,onlinecoupon_10%,0.1,4182,4154,Helsinki
398,Middle East and North Africa,Turkey,Clothes,Online,C,2016-06-28,914391076,2016-08-04,7494,109.28,35.84,818944.32,268584.96,550359.36,onlinecoupon_10%,0.1,3380,3343,Ankara
399,Sub-Saharan Africa,South Africa,Meat,Online,L,2012-05-20,207922542,2012-07-01,7755,421.89,364.69,3271756.95,2828170.95,443586.0,onlinecoupon_10%,0.1,4880,4838,Pretoria
400,Europe,Lithuania,Office Supplies,Offline,M,2014-02-04,816696012,2014-02-16,7353,651.21,524.96,4788347.13,3860030.88,928316.25,offlinecoupon_5%,0.05,4255,4243,Vilnius
401,Europe,Russia,Beverages,Offline,L,2015-11-15,740760314,2015-11-21,6293,47.45,31.79,298602.85,200054.47,98548.38,offlinecoupon_5%,0.05,3606,3600,Moscow
402,Central America and the Caribbean,The Bahamas,Baby Food,Online,C,2013-01-11,300476777,2013-02-28,6610,255.28,159.42,1687400.8,1053766.2,633634.6,onlinecoupon_10%,0.1,4644,4596,Nassau
403,Central America and the Caribbean,The Bahamas,Snacks,Online,L,2013-04-24,786519229,2013-06-07,7373,152.58,97.44,1124972.34,718425.12,406547.22,onlinecoupon_10%,0.1,4541,4497,Nassau
404,Middle East and North Africa,Turkey,Cosmetics,Offline,C,2010-05-15,409873998,2010-06-03,9679,437.2,263.33,4231658.8,2548771.07,1682887.73,offlinecoupon_5%,0.05,5616,5597,Ankara
405,Sub-Saharan Africa,Mauritius,Cosmetics,Offline,H,2010-04-17,151839911,2010-05-22,1659,437.2,263.33,725314.8,436864.47,288450.33,offlinecoupon_5%,0.05,5644,5609,Port Louis
406,Europe,Bulgaria,Vegetables,Online,H,2012-08-25,614028298,2012-09-09,3473,154.06,90.93,535050.38,315799.89,219250.49,onlinecoupon_10%,0.1,4783,4768,Sofia
407,Middle East and North Africa,Iran,Household,Offline,L,2014-04-19,668362987,2014-05-13,2315,668.27,502.54,1547045.05,1163380.1,383664.95,offlinecoupon_5%,0.05,4181,4157,Tehran
408,Sub-Saharan Africa,Ghana,Household,Online,M,2013-02-26,607080304,2013-04-05,7408,668.27,502.54,4950544.16,3722816.32,1227727.84,onlinecoupon_10%,0.1,4598,4560,Accra
409,Sub-Saharan Africa,Malawi,Baby Food,Online,M,2011-12-28,792729079,2012-01-17,5006,255.28,159.42,1277931.68,798056.52,479875.16,onlinecoupon_10%,0.1,5024,5004,Lilongwe
410,Sub-Saharan Africa,Zimbabwe,Baby Food,Offline,M,2014-08-21,308170640,2014-10-10,3395,255.28,159.42,866675.6,541230.9,325444.7,offlinecoupon_5%,0.05,4057,4007,Harare
411,Asia,Tajikistan,Vegetables,Online,H,2014-08-21,106578814,2014-10-02,7894,154.06,90.93,1216149.64,717801.42,498348.22,onlinecoupon_10%,0.1,4057,4015,Dushanbe
412,Europe,Czech Republic,Cereal,Online,H,2014-03-02,761439931,2014-03-28,5851,205.7,117.11,1203550.7,685210.61,518340.09,onlinecoupon_10%,0.1,4229,4203,Prague
413,Sub-Saharan Africa,Mauritius,Household,Online,L,2012-09-06,216552817,2012-09-27,1646,668.27,502.54,1099972.42,827180.84,272791.58,onlinecoupon_10%,0.1,4771,4750,Port Louis
414,Sub-Saharan Africa,Lesotho,Fruits,Online,H,2010-09-16,536028802,2010-09-22,1689,9.33,6.92,15758.37,11687.88,4070.49,onlinecoupon_10%,0.1,5492,5486,Maseru
415,Sub-Saharan Africa,Mali,Beverages,Online,L,2013-08-13,254291713,2013-08-15,9424,47.45,31.79,447168.8,299588.96,147579.84,onlinecoupon_10%,0.1,4430,4428,Bamako
416,Europe,Georgia,Personal Care,Online,C,2012-09-11,226077878,2012-10-23,323,81.73,56.67,26398.79,18304.41,8094.38,onlinecoupon_10%,0.1,4766,4724,Tbilisi
417,Europe,Albania,Office Supplies,Offline,M,2011-08-31,476436126,2011-10-15,6892,651.21,524.96,4488139.32,3618024.32,870115.0,offlinecoupon_5%,0.05,5143,5098,Tirana
418,Europe,Cyprus,Cosmetics,Offline,L,2015-04-21,650727784,2015-06-06,3667,437.2,263.33,1603212.4,965631.11,637581.29,offlinecoupon_5%,0.05,3814,3768,Nicosia
419,Central America and the Caribbean,Saint Kitts and Nevis,Household,Offline,C,2010-07-11,464626681,2010-07-27,2215,668.27,502.54,1480218.05,1113126.1,367091.95,offlinecoupon_5%,0.05,5559,5543,Basseterre
420,Middle East and North Africa,Tunisia,Meat,Offline,C,2015-08-09,154119145,2015-09-21,6135,421.89,364.69,2588295.15,2237373.15,350922.0,offlinecoupon_5%,0.05,3704,3661,Tunis
421,Central America and the Caribbean,Cuba,Meat,Online,M,2015-10-17,925504004,2015-12-06,6057,421.89,364.69,2555387.73,2208927.33,346460.4,onlinecoupon_10%,0.1,3635,3585,Havana
422,Australia and Oceania,Kiribati,Cereal,Offline,L,2012-07-24,905392587,2012-08-16,4641,205.7,117.11,954653.7,543507.51,411146.19,offlinecoupon_5%,0.05,4815,4792,Tarawa
423,Asia,Cambodia,Snacks,Online,C,2012-03-25,990708720,2012-05-04,1581,152.58,97.44,241228.98,154052.64,87176.34,onlinecoupon_10%,0.1,4936,4896,Phnom Penh
424,Europe,Moldova,Baby Food,Online,M,2014-08-11,798688733,2014-09-18,8600,255.28,159.42,2195408.0,1371012.0,824396.0,onlinecoupon_10%,0.1,4067,4029,Chisinau
425,Asia,Uzbekistan,Cereal,Offline,C,2016-10-15,916881453,2016-11-28,4452,205.7,117.11,915776.4,521373.72,394402.68,offlinecoupon_5%,0.05,3271,3227,Tashkent
426,Asia,India,Cosmetics,Offline,L,2016-12-03,653148210,2017-01-21,9924,437.2,263.33,4338772.8,2613286.92,1725485.88,offlinecoupon_5%,0.05,3222,3173,New Delhi
427,Europe,Germany,Personal Care,Offline,C,2010-06-12,285662829,2010-07-13,2834,81.73,56.67,231622.82,160602.78,71020.04,offlinecoupon_5%,0.05,5588,5557,Berlin
428,Europe,Austria,Vegetables,Online,C,2016-07-29,612911641,2016-08-31,3030,154.06,90.93,466801.8,275517.9,191283.9,onlinecoupon_10%,0.1,3349,3316,Vienna
429,Europe,Germany,Office Supplies,Offline,L,2013-12-09,703693473,2014-01-12,7391,651.21,524.96,4813093.11,3879979.36,933113.75,offlinecoupon_5%,0.05,4312,4278,Berlin
430,Asia,Bhutan,Clothes,Online,M,2012-07-12,147119653,2012-08-09,4829,109.28,35.84,527713.12,173071.36,354641.76,onlinecoupon_10%,0.1,4827,4799,Thimphu
431,Asia,Kyrgyzstan,Fruits,Online,C,2012-01-14,402614009,2012-03-02,1287,9.33,6.92,12007.71,8906.04,3101.67,onlinecoupon_10%,0.1,5007,4959,Bishkek
432,Middle East and North Africa,Somalia,Personal Care,Online,C,2013-03-20,749912869,2013-04-25,4738,81.73,56.67,387236.74,268502.46,118734.28,onlinecoupon_10%,0.1,4576,4540,Mogadishu
433,Central America and the Caribbean,Saint Lucia,Household,Online,H,2014-02-10,539065062,2014-03-10,186,668.27,502.54,124298.22,93472.44,30825.78,onlinecoupon_10%,0.1,4249,4221,Castries
434,Europe,Armenia,Snacks,Offline,H,2013-10-26,540431916,2013-11-15,4668,152.58,97.44,712243.44,454849.92,257393.52,offlinecoupon_5%,0.05,4356,4336,Yerevan
435,North America,Canada,Beverages,Online,C,2016-04-16,694687259,2016-06-02,2252,47.45,31.79,106857.4,71591.08,35266.32,onlinecoupon_10%,0.1,3453,3406,Ottawa
436,Sub-Saharan Africa,Burundi,Cosmetics,Offline,H,2011-05-27,562817418,2011-06-02,9036,437.2,263.33,3950539.2,2379449.88,1571089.32,offlinecoupon_5%,0.05,5239,5233,Bujumbura
437,Europe,Liechtenstein,Cereal,Online,L,2016-08-04,676121222,2016-09-09,8149,205.7,117.11,1676249.3,954329.39,721919.91,onlinecoupon_10%,0.1,3343,3307,Vaduz
438,Middle East and North Africa,Tunisia,Snacks,Offline,L,2012-07-03,286210000,2012-08-05,4754,152.58,97.44,725365.32,463229.76,262135.56,offlinecoupon_5%,0.05,4836,4803,Tunis
439,Middle East and North Africa,Iraq,Beverages,Online,L,2014-12-04,515007579,2015-01-11,1042,47.45,31.79,49442.9,33125.18,16317.72,onlinecoupon_10%,0.1,3952,3914,Baghdad
440,Asia,Indonesia,Cosmetics,Offline,C,2010-05-31,304750287,2010-06-01,1237,437.2,263.33,540816.4,325739.21,215077.19,offlinecoupon_5%,0.05,5600,5599,Jakarta
441,Asia,Kazakhstan,Beverages,Online,H,2013-02-05,467986953,2013-02-17,6594,47.45,31.79,312885.3,209623.26,103262.04,onlinecoupon_10%,0.1,4619,4607,Astana
442,Europe,Denmark,Beverages,Offline,C,2015-06-15,537578904,2015-07-09,399,47.45,31.79,18932.55,12684.21,6248.34,offlinecoupon_5%,0.05,3759,3735,Copenhagen
443,Europe,Luxembourg,Vegetables,Offline,L,2014-10-21,116699969,2014-11-18,2969,154.06,90.93,457404.14,269971.17,187432.97,offlinecoupon_5%,0.05,3996,3968,Luxembourg
444,Sub-Saharan Africa,Cape Verde,Snacks,Offline,C,2017-02-13,228836476,2017-03-13,6653,152.58,97.44,1015114.74,648268.32,366846.42,offlinecoupon_5%,0.05,3150,3122,Praia
445,Australia and Oceania,Palau,Vegetables,Offline,C,2010-06-29,167787253,2010-07-16,832,154.06,90.93,128177.92,75653.76,52524.16,offlinecoupon_5%,0.05,5571,5554,Melekeok
446,Australia and Oceania,Australia,Vegetables,Online,M,2014-05-19,647663629,2014-05-20,6915,154.06,90.93,1065324.9,628780.95,436543.95,onlinecoupon_10%,0.1,4151,4150,Canberra
447,Central America and the Caribbean,Nicaragua,Meat,Offline,L,2015-03-21,652889430,2015-04-15,3346,421.89,364.69,1411643.94,1220252.74,191391.2,offlinecoupon_5%,0.05,3845,3820,Managua
448,Asia,Laos,Office Supplies,Offline,M,2015-08-31,588200986,2015-10-15,598,651.21,524.96,389423.58,313926.08,75497.5,offlinecoupon_5%,0.05,3682,3637,Vientiane
449,Central America and the Caribbean,Cuba,Personal Care,Online,L,2015-08-23,928647124,2015-08-30,6176,81.73,56.67,504764.48,349993.92,154770.56,onlinecoupon_10%,0.1,3690,3683,Havana
450,Europe,Moldova,Cosmetics,Offline,L,2016-02-24,869589173,2016-03-17,9615,437.2,263.33,4203678.0,2531917.95,1671760.05,offlinecoupon_5%,0.05,3505,3483,Chisinau
451,Middle East and North Africa,Syria,Household,Online,C,2015-06-17,576700961,2015-07-23,7485,668.27,502.54,5002000.95,3761511.9,1240489.05,onlinecoupon_10%,0.1,3757,3721,Damascus
452,Central America and the Caribbean,The Bahamas,Cereal,Offline,M,2012-11-27,735968816,2012-12-06,8382,205.7,117.11,1724177.4,981616.02,742561.38,offlinecoupon_5%,0.05,4689,4680,Nassau
453,Europe,Belarus,Snacks,Offline,M,2012-09-07,303691565,2012-10-19,7938,152.58,97.44,1211180.04,773478.72,437701.32,offlinecoupon_5%,0.05,4770,4728,Minsk
454,Middle East and North Africa,United Arab Emirates,Clothes,Offline,C,2012-06-23,556480538,2012-08-07,3812,109.28,35.84,416575.36,136622.08,279953.28,offlinecoupon_5%,0.05,4846,4801,Abu Dhabi
455,Sub-Saharan Africa,Angola,Beverages,Offline,H,2014-10-23,141259562,2014-11-11,698,47.45,31.79,33120.1,22189.42,10930.68,offlinecoupon_5%,0.05,3994,3975,Luanda
456,Central America and the Caribbean,Cuba,Cosmetics,Offline,C,2015-09-18,925264966,2015-10-18,5320,437.2,263.33,2325904.0,1400915.6,924988.4,offlinecoupon_5%,0.05,3664,3634,Havana
457,Europe,Ukraine,Office Supplies,Online,H,2016-01-24,346045577,2016-02-20,1431,651.21,524.96,931881.51,751217.76,180663.75,onlinecoupon_10%,0.1,3536,3509,Kyiv
458,Sub-Saharan Africa,Mozambique,Fruits,Offline,H,2010-03-23,861462724,2010-04-19,4818,9.33,6.92,44951.94,33340.56,11611.38,offlinecoupon_5%,0.05,5669,5642,Maputo
459,Europe,Armenia,Personal Care,Online,M,2012-07-26,499690234,2012-08-28,8299,81.73,56.67,678277.27,470304.33,207972.94,onlinecoupon_10%,0.1,4813,4780,Yerevan
460,North America,Greenland,Clothes,Online,H,2015-10-20,509214437,2015-11-02,6722,109.28,35.84,734580.16,240916.48,493663.68,onlinecoupon_10%,0.1,3632,3619,Nuuk
461,Central America and the Caribbean,Saint Kitts and Nevis,Office Supplies,Online,M,2017-06-27,408834159,2017-07-18,1968,651.21,524.96,1281581.28,1033121.28,248460.0,onlinecoupon_10%,0.1,3016,2995,Basseterre
462,Europe,Vatican City,Beverages,Offline,M,2016-04-04,237660729,2016-04-30,7946,47.45,31.79,377037.7,252603.34,124434.36,offlinecoupon_5%,0.05,3465,3439,Vatican City
463,Europe,Ukraine,Clothes,Online,C,2015-08-05,105117976,2015-09-09,5600,109.28,35.84,611968.0,200704.0,411264.0,onlinecoupon_10%,0.1,3708,3673,Kyiv
464,Sub-Saharan Africa,Niger,Cereal,Offline,L,2012-06-16,640942227,2012-07-04,7903,205.7,117.11,1625647.1,925520.33,700126.77,offlinecoupon_5%,0.05,4853,4835,Niamey
465,Asia,Myanmar,Cosmetics,Online,L,2016-04-03,745182311,2016-05-05,4860,437.2,263.33,2124792.0,1279783.8,845008.2,onlinecoupon_10%,0.1,3466,3434,Rangoon
466,Sub-Saharan Africa,Guinea-Bissau,Snacks,Online,L,2015-08-08,110667788,2015-09-10,7913,152.58,97.44,1207365.54,771042.72,436322.82,onlinecoupon_10%,0.1,3705,3672,Bissau
467,Sub-Saharan Africa,South Sudan,Office Supplies,Online,C,2012-07-19,673573338,2012-07-20,4174,651.21,524.96,2718150.54,2191183.04,526967.5,onlinecoupon_10%,0.1,4820,4819,Juba
468,Middle East and North Africa,Turkey,Snacks,Offline,H,2011-08-26,708215034,2011-09-13,5421,152.58,97.44,827136.18,528222.24,298913.94,offlinecoupon_5%,0.05,5148,5130,Ankara
469,Australia and Oceania,Palau,Household,Online,M,2012-06-23,816204202,2012-07-01,1816,668.27,502.54,1213578.32,912612.64,300965.68,onlinecoupon_10%,0.1,4846,4838,Melekeok
470,Europe,Poland,Beverages,Offline,L,2011-11-20,769464671,2011-12-24,550,47.45,31.79,26097.5,17484.5,8613.0,offlinecoupon_5%,0.05,5062,5028,Warsaw
471,Asia,Malaysia,Beverages,Offline,L,2015-05-13,860232770,2015-06-04,848,47.45,31.79,40237.6,26957.92,13279.68,offlinecoupon_5%,0.05,3792,3770,Kuala Lumpur
472,North America,United States of America,Personal Care,Offline,C,2010-07-16,551057326,2010-08-22,8963,81.73,56.67,732545.99,507933.21,224612.78,offlinecoupon_5%,0.05,5554,5517,Washington
473,Europe,Switzerland,Cosmetics,Online,C,2016-05-21,724799668,2016-05-27,3183,437.2,263.33,1391607.6,838179.39,553428.21,onlinecoupon_10%,0.1,3418,3412,Bern
474,Australia and Oceania,Papua New Guinea,Cosmetics,Offline,H,2011-04-22,534633624,2011-06-08,8825,437.2,263.33,3858290.0,2323887.25,1534402.75,offlinecoupon_5%,0.05,5274,5227,Port Moresby
475,Sub-Saharan Africa,Namibia,Beverages,Offline,H,2012-08-14,554045522,2012-09-20,3237,47.45,31.79,153595.65,102904.23,50691.42,offlinecoupon_5%,0.05,4794,4757,Windhoek
476,Europe,Ireland,Clothes,Online,C,2012-03-17,526834189,2012-05-02,799,109.28,35.84,87314.72,28636.16,58678.56,onlinecoupon_10%,0.1,4944,4898,Dublin
477,Sub-Saharan Africa,Mozambique,Household,Online,C,2010-08-06,717110955,2010-08-09,7922,668.27,502.54,5294034.94,3981121.88,1312913.06,onlinecoupon_10%,0.1,5533,5530,Maputo
478,Sub-Saharan Africa,Democratic Republic of the Congo,Baby Food,Offline,L,2013-02-25,559299647,2013-03-26,8049,255.28,159.42,2054748.72,1283171.58,771577.14,offlinecoupon_5%,0.05,4599,4570,Kinshasa
479,North America,United States of America,Meat,Online,M,2011-03-06,908136594,2011-03-10,6654,421.89,364.69,2807256.06,2426647.26,380608.8,onlinecoupon_10%,0.1,5321,5317,Washington
480,Middle East and North Africa,Azerbaijan,Office Supplies,Offline,M,2015-12-14,888670623,2015-12-16,6240,651.21,524.96,4063550.4,3275750.4,787800.0,offlinecoupon_5%,0.05,3577,3575,Baku
481,Europe,Belgium,Office Supplies,Offline,C,2017-02-10,146263062,2017-02-16,1345,651.21,524.96,875877.45,706071.2,169806.25,offlinecoupon_5%,0.05,3153,3147,Brussels
482,Asia,Taiwan,Office Supplies,Offline,L,2016-09-20,196587741,2016-10-28,3536,651.21,524.96,2302678.56,1856258.56,446420.0,offlinecoupon_5%,0.05,3296,3258,Taipei
483,Central America and the Caribbean,Panama,Baby Food,Online,M,2010-04-30,375630986,2010-06-02,6411,255.28,159.42,1636600.08,1022041.62,614558.46,onlinecoupon_10%,0.1,5631,5598,Panama City
484,Europe,Andorra,Beverages,Offline,H,2013-06-25,989691627,2013-07-10,600,47.45,31.79,28470.0,19074.0,9396.0,offlinecoupon_5%,0.05,4479,4464,Andorra la Vella
485,Europe,Georgia,Household,Offline,H,2012-07-04,165380990,2012-07-27,8765,668.27,502.54,5857386.55,4404763.1,1452623.45,offlinecoupon_5%,0.05,4835,4812,Tbilisi
486,Central America and the Caribbean,Barbados,Snacks,Online,C,2013-09-21,599622905,2013-10-22,597,152.58,97.44,91090.26,58171.68,32918.58,onlinecoupon_10%,0.1,4391,4360,Bridgetown
487,Europe,Sweden,Personal Care,Offline,C,2016-12-08,109653699,2017-01-06,7821,81.73,56.67,639210.33,443216.07,195994.26,offlinecoupon_5%,0.05,3217,3188,Stockholm
488,Middle East and North Africa,Algeria,Meat,Offline,M,2011-09-02,183022201,2011-10-15,9191,421.89,364.69,3877590.99,3351865.79,525725.2,offlinecoupon_5%,0.05,5141,5098,Algiers
489,Europe,Italy,Personal Care,Online,L,2011-03-21,127589738,2011-04-02,5494,81.73,56.67,449024.62,311344.98,137679.64,onlinecoupon_10%,0.1,5306,5294,Rome
490,Europe,Russia,Fruits,Offline,L,2011-01-08,221530139,2011-01-26,4546,9.33,6.92,42414.18,31458.32,10955.86,offlinecoupon_5%,0.05,5378,5360,Moscow
491,Middle East and North Africa,Jordan,Fruits,Online,C,2017-05-15,521787345,2017-06-25,7325,9.33,6.92,68342.25,50689.0,17653.25,onlinecoupon_10%,0.1,3059,3018,Amman
